A18.0;TUBERC  DES OS ET DES ARTIC 
A54.4;INFECT  GONO  DU SYST  OSTEO ARTIC  ET DES MUSCLES
A66.6;LES  OSTEO ARTIC  PIANIQUES
B45.3;CRYPTOCOCCOSE OSSEUSE
B67.2;INFECT  OSSEUSE A ECHINOCOCCUS GRANULOSUS
C40.0;T M  DE L OMOPLATE ET DES OS LONGS DU MB  SUP 
C40.1;T M  DES OS COURTS DU MB  SUP 
C40.2;T M  DES OS LONGS DU MB  INF 
C40.3;T M  DES OS COURTS DU MB  INF 
C40.8;T M  A LOC  CONTIGUES DES OS ET DU CARTILAGE ARTIC  DES MB 
C40.9;T M  DES OS ET DU CARTILAGE ARTIC  D UN MB   SAI
C41.0;T M  DES OS DU CRANE ET DE LA FACE
C41.2;T M  DU RACHIS
C41.3;T M  DES COTES  DU STERNUM ET DE LA CLAVICULE
C41.4;T M  DES OS DU PELVIS  DU SACRUM ET DU COCCYX
C41.8;T M  A LOC  CONTIGUES DES OS ET DU CARTILAGE ARTIC 
C41.9;T M  DES OS ET DU CARTILAGE ARTIC   SAI
C46.1;SARCOME DE KAPOSI DES TISSUS MOUS
C49.0;T M  DU TISSU CONJ  ET DES TISSUS MOUS NCA DE TETE  FACE  COU
C49.1;T M  DU TISSU CONJ  ET DES TISSUS MOUS NCA DU MB  SUP   EPAULE
C49.2;T M  DU TISSU CONJ  ET DES TISSUS MOUS NCA DU MB  INF   HANCHE
C49.38;T M  DU TISSU CONJ  ET TISSUS MOUS NCA DU THORAX
C49.6;T M  DU TISSU CONJ  ET DES TISSUS MOUS NCA DU TRONC  SAI
C49.8;T M  A LOC  CONTIGUES DU TISSU CONJ  ET DES TISSUS MOUS NCA
C76.4;T M  SIEGE MAL DEF  D UN MB  SUP 
C76.5;T M  SIEGE MAL DEF  D UN MB  INF 
C79.5;T M  IIRE  DES OS ET DE LA MOELLE OSSEUSE
D16.0;T B  DE L OMOPLATE ET DES OS LONGS DU MB  SUP 
D16.1;T B  DES OS COURTS DU MB  SUP 
D16.2;T B  DES OS LONGS DU MB  INF 
D16.3;T B  DES OS COURTS DU MB  INF 
D16.4;T B  DES OS DU CRANE ET DE LA FACE
D16.6;T B  DU RACHIS
D16.8;T B  DES OS DU BASSIN  DU SACRUM ET DU COCCYX
D18.0;HEMANGIOME  TOUT SIEGE
D18.1;LYMPHANGIOME  TOUT SIEGE
D21.0;T B  DU TISSU CONJ  ET DES TISSUS MOUS NCA DE TETE  FACE  COU
D21.1;T B  DU TISSU CONJ  ET DES TISSUS MOUS NCA DU MB  SUP   EPAULE
D21.2;T B  DU TISSU CONJ  ET DES TISSUS MOUS NCA DU MB  INF   HANCHE
D21.38;T B  DU TISSU CONJ  ET TISSUS MOUS NCA DU THORAX
D21.48;T B  DU TISSU CONJ  ET TISSUS MOUS NCA DE L ABDO 
D21.58;T B  DU TISSU CONJ  ET TISSUS MOUS NCA  DU BASSIN
D21.6;T B  DU TISSU CONJ  ET DES TISSUS MOUS NCA DU TRONC  SAI
D21.9;T B  DU TISSU CONJ  ET DES TISSUS MOUS NCA  DE SIEGE SAI
D48.0;T  EV  IMPR   INC  DES OS ET DU CARTILAGE ARTIC 
D48.1;T  EV  IMPR   INC  DU TISSU CONJ  ET DES TISSUS MOUS NCA
D48.30;TERATOME SACRO COCCYGIEN [DYSEMBRYOME]
E55.0;RACHITISME EVOLUTIF
E85.0;AMYLOSE HEREDOFAMILIALE NON NEUROPATHIQUE
E85.1;AMYLOSE HEREDOFAMILIALE NEUROPATHIQUE
E85.2;AMYLOSE HEREDOFAMILIALE  SAI
E85.3;AMYLOSE GENERALISEE IIRE 
E85.4;AMYLOSE LIMITEE A UN OU PLUS  ORG 
E85.8;AMYLOSES  NCA
E85.9;AMYLOSE  SAI
G55.1;COMPRESSION RACINES  PLEX  NERV  AVEC ATTEINTES DISQUES INTERVERTEB 
I00;RHUM  ARTIC  AIG   SANS MENTION D ATTEINTE CARD 
L40.5;PSORIASIS ARTHROPATHIQUE
M00.0;ARTHRITE ET POLYARTHRITE A STAPHYLO 
M00.00;ARTHRITE ET POLYARTHRITE A STAPHYLO    SIEGES MULT 
M00.01;ARTHRITE ET POLYARTHRITE A STAPHYLO    ARTIC  EPAULE
M00.02;ARTHRITE ET POLYARTHRITE A STAPHYLO    ARTIC  COUDE
M00.03;ARTHRITE ET POLYARTHRITE A STAPHYLO    ARTIC  POIGNET
M00.04;ARTHRITE ET POLYARTHRITE A STAPHYLO    ARTIC  MAIN
M00.05;ARTHRITE ET POLYARTHRITE A STAPHYLO    HANCHE  SACR IL 
M00.06;ARTHRITE ET POLYARTHRITE A STAPHYLO    ARTIC  GENOU
M00.07;ARTHRITE ET POLYARTHRITE A STAPHYLO    ARTIC  CHEV   PIED
M00.08;ARTHRITE ET POLYARTHRITE A STAPHYLO    ARTIC  AUTRES
M00.09;ARTHRITE ET POLYARTHRITE A STAPHYLO    ARTIC  LOC  SAI
M00.1;ARTHRITE ET POLYARTHRITE A PNEUMO 
M00.10;ARTHRITE ET POLYARTHRITE A PNEUMO    SIEGES MULT 
M00.11;ARTHRITE ET POLYARTHRITE A PNEUMO    ARTIC  EPAULE
M00.12;ARTHRITE ET POLYARTHRITE A PNEUMO    ARTIC  COUDE
M00.13;ARTHRITE ET POLYARTHRITE A PNEUMO    ARTIC  POIGNET
M00.14;ARTHRITE ET POLYARTHRITE A PNEUMO    ARTIC  MAIN
M00.15;ARTHRITE ET POLYARTHRITE A PNEUMO    HANCHE  SACR IL 
M00.16;ARTHRITE ET POLYARTHRITE A PNEUMO    ARTIC  GENOU
M00.17;ARTHRITE ET POLYARTHRITE A PNEUMO    ARTIC  CHEV   PIED
M00.18;ARTHRITE ET POLYARTHRITE A PNEUMO    ARTIC  AUTRES
M00.19;ARTHRITE ET POLYARTHRITE A PNEUMO    ARTIC  LOC  SAI
M00.2;ARTHRITES ET POLYARTHR  A STREPTO   NCA
M00.20;ARTHRITES ET POLYARTHR  A STREPTO   NCA   SIEGES MULT 
M00.21;ARTHRITES ET POLYARTHR  A STREPTO   NCA   ARTIC  EPAULE
M00.22;ARTHRITES ET POLYARTHR  A STREPTO   NCA   ARTIC  COUDE
M00.23;ARTHRITES ET POLYARTHR  A STREPTO   NCA   ARTIC  POIGNET
M00.24;ARTHRITES ET POLYARTHR  A STREPTO   NCA   ARTIC  MAIN
M00.25;ARTHRITES ET POLYARTHR  A STREPTO   NCA   HANCHE  SACR IL 
M00.26;ARTHRITES ET POLYARTHR  A STREPTO   NCA   ARTIC  GENOU
M00.27;ARTHRITES ET POLYARTHR  A STREPTO   NCA   ARTIC  CHEV   PIED
M00.28;ARTHRITES ET POLYARTHR  A STREPTO   NCA   ARTIC  AUTRES
M00.29;ARTHRITES ET POLYARTHR  A STREPTO   NCA   ARTIC  LOC  SAI
M00.8;ARTHRITE ET POLYARTHR  DUE AUT  BACT  PREC 
M00.80;ARTHRITE ET POLYARTHR  DUE AUT  BACT  PREC    SIEGES MULT 
M00.81;ARTHRITE ET POLYARTHR  DUE AUT  BACT  PREC    ARTIC  EPAULE
M00.82;ARTHRITE ET POLYARTHR  DUE AUT  BACT  PREC    ARTIC  COUDE
M00.83;ARTHRITE ET POLYARTHR  DUE AUT  BACT  PREC    ARTIC  POIGNET
M00.84;ARTHRITE ET POLYARTHR  DUE AUT  BACT  PREC    ARTIC  MAIN
M00.85;ARTHRITE ET POLYARTHR  DUE AUT  BACT  PREC    HANCHE  SAC IL
M00.86;ARTHRITE ET POLYARTHR  DUE AUT  BACT  PREC    ARTIC  GENOU
M00.87;ARTHRITE ET POLYARTHR  DUE AUT  BACT  PREC    CHEV   PIED
M00.88;ARTHRITE ET POLYARTHR  DUE AUT  BACT  PREC    ARTIC  AUTRES
M00.89;ARTHRITE ET POLYARTHR  DUE AUT  BACT  PREC    ARTIC  LOC  SAI
M00.9;ARTHRITE A BACT  PYOGENES  SAI
M00.90;ARTHRITE A BACT  PYOGENES  SAI   SIEGES MULT 
M00.91;ARTHRITE A BACT  PYOGENES  SAI   ARTIC  EPAULE
M00.92;ARTHRITE A BACT  PYOGENES  SAI   ARTIC  COUDE
M00.93;ARTHRITE A BACT  PYOGENES  SAI   ARTIC  POIGNET
M00.94;ARTHRITE A BACT  PYOGENES  SAI   ARTIC  MAIN
M00.95;ARTHRITE A BACT  PYOGENES  SAI   HANCHE  SACR IL 
M00.96;ARTHRITE A BACT  PYOGENES  SAI   ARTIC  GENOU
M00.97;ARTHRITE A BACT  PYOGENES  SAI   ARTIC  CHEV   PIED
M00.98;ARTHRITE A BACT  PYOGENES  SAI   ARTIC  AUTRES
M00.99;ARTHRITE A BACT  PYOGENES  SAI   ARTIC  LOC  SAI
M01.0;ARTHRITE MENINGO 
M01.00;ARTHRITE MENINGO    SIEGES MULT 
M01.01;ARTHRITE MENINGO    ARTIC  EPAULE
M01.02;ARTHRITE MENINGO    ARTIC  COUDE
M01.03;ARTHRITE MENINGO    ARTIC  POIGNET
M01.04;ARTHRITE MENINGO    ARTIC  MAIN
M01.05;ARTHRITE MENINGO    HANCHE  SACR IL 
M01.06;ARTHRITE MENINGO    ARTIC  GENOU
M01.07;ARTHRITE MENINGO    ARTIC  CHEV   PIED
M01.08;ARTHRITE MENINGO    ARTIC  AUTRES
M01.09;ARTHRITE MENINGO    ARTIC  LOC  SAI
M01.1;ARTHRITE TUBERC 
M01.10;ARTHRITE TUBERC    SIEGES MULT 
M01.11;ARTHRITE TUBERC    ARTIC  EPAULE
M01.12;ARTHRITE TUBERC    ARTIC  COUDE
M01.13;ARTHRITE TUBERC    ARTIC  POIGNET
M01.14;ARTHRITE TUBERC    ARTIC  MAIN
M01.15;ARTHRITE TUBERC    HANCHE  SACR IL 
M01.16;ARTHRITE TUBERC    ARTIC  GENOU
M01.17;ARTHRITE TUBERC    ARTIC  CHEV   PIED
M01.18;ARTHRITE TUBERC    ARTIC  AUTRES
M01.19;ARTHRITE TUBERC    ARTIC  LOC  SAI
M01.2;ARTHRITE AVEC LA MAL  DE LYME
M01.20;ARTHRITE AVEC LA MAL  DE LYME   SIEGES MULT 
M01.21;ARTHRITE AVEC LA MAL  DE LYME   ARTIC  EPAULE
M01.22;ARTHRITE AVEC LA MAL  DE LYME   ARTIC  COUDE
M01.23;ARTHRITE AVEC LA MAL  DE LYME   ARTIC  POIGNET
M01.24;ARTHRITE AVEC LA MAL  DE LYME   ARTIC  MAIN
M01.25;ARTHRITE AVEC LA MAL  DE LYME   HANCHE  SACR IL 
M01.26;ARTHRITE AVEC LA MAL  DE LYME   ARTIC  GENOU
M01.27;ARTHRITE AVEC LA MAL  DE LYME   ARTIC  CHEV   PIED
M01.28;ARTHRITE AVEC LA MAL  DE LYME   ARTIC  AUTRES
M01.29;ARTHRITE AVEC LA MAL  DE LYME   ARTIC  LOC  SAI
M01.3;ARTHRITE AVEC AUTRES MAL  BACT  CL  AILL 
M01.30;ARTHRITE AVEC AUTRES MAL  BACT  CL  AILL    SIEGES MULT 
M01.31;ARTHRITE AVEC AUTRES MAL  BACT  CL  AILL    ARTIC  EPAULE
M01.32;ARTHRITE AVEC AUTRES MAL  BACT  CL  AILL    ARTIC  COUDE
M01.33;ARTHRITE AVEC AUTRES MAL  BACT  CL  AILL    ARTIC  POIGNET
M01.34;ARTHRITE AVEC AUTRES MAL  BACT  CL  AILL    ARTIC  MAIN
M01.35;ARTHRITE AVEC AUTRES MAL  BACT  CL  AILL    HANCHE  SACR IL 
M01.36;ARTHRITE AVEC AUTRES MAL  BACT  CL  AILL    ARTIC  GENOU
M01.37;ARTHRITE AVEC AUTRES MAL  BACT  CL  AILL    ARTIC  CHEV   PIED
M01.38;ARTHRITE AVEC AUTRES MAL  BACT  CL  AILL    ARTIC  AUTRES
M01.39;ARTHRITE AVEC AUTRES MAL  BACT  CL  AILL    ARTIC  LOC  SAI
M01.4;ARTHRITE AVEC LA RUBEOLE
M01.40;ARTHRITE AVEC LA RUBEOLE   SIEGES MULT 
M01.41;ARTHRITE AVEC LA RUBEOLE   ARTIC  EPAULE
M01.42;ARTHRITE AVEC LA RUBEOLE   ARTIC  COUDE
M01.43;ARTHRITE AVEC LA RUBEOLE   ARTIC  POIGNET
M01.44;ARTHRITE AVEC LA RUBEOLE   ARTIC  MAIN
M01.45;ARTHRITE AVEC LA RUBEOLE   HANCHE  SACR IL 
M01.46;ARTHRITE AVEC LA RUBEOLE   ARTIC  GENOU
M01.47;ARTHRITE AVEC LA RUBEOLE   ARTIC  CHEV   PIED
M01.48;ARTHRITE AVEC LA RUBEOLE   ARTIC  AUTRES
M01.49;ARTHRITE AVEC LA RUBEOLE   ARTIC  LOC  SAI
M01.5;ARTHRITE AVEC AUT  MAL  VIRALES CL  AILL 
M01.50;ARTHRITE AVEC AUT  MAL  VIRALES CL  AILL    SIEGES MULT 
M01.51;ARTHRITE AVEC AUT  MAL  VIRALES CL  AILL    ARTIC  EPAULE
M01.52;ARTHRITE AVEC AUT  MAL  VIRALES CL  AILL    ARTIC  COUDE
M01.53;ARTHRITE AVEC AUT  MAL  VIRALES CL  AILL    ARTIC  POIGNET
M01.54;ARTHRITE AVEC AUT  MAL  VIRALES CL  AILL    ARTIC  MAIN
M01.55;ARTHRITE AVEC AUT  MAL  VIRALES CL  AILL    HANCHE  SACR IL 
M01.56;ARTHRITE AVEC AUT  MAL  VIRALES CL  AILL    ARTIC  GENOU
M01.57;ARTHRITE AVEC AUT  MAL  VIRALES CL  AILL    ARTIC  CHEV   PIED
M01.58;ARTHRITE AVEC AUT  MAL  VIRALES CL  AILL    ARTIC  AUTRES
M01.59;ARTHRITE AVEC AUT  MAL  VIRALES CL  AILL    ARTIC  LOC  SAI
M01.6;ARTHRITE AVEC MYCOSES
M01.60;ARTHRITE AVEC MYCOSES   SIEGES MULT 
M01.61;ARTHRITE AVEC MYCOSES   ARTIC  EPAULE
M01.62;ARTHRITE AVEC MYCOSES   ARTIC  COUDE
M01.63;ARTHRITE AVEC MYCOSES   ARTIC  POIGNET
M01.64;ARTHRITE AVEC MYCOSES   ARTIC  MAIN
M01.65;ARTHRITE AVEC MYCOSES   HANCHE  SACR IL 
M01.66;ARTHRITE AVEC MYCOSES   ARTIC  GENOU
M01.67;ARTHRITE AVEC MYCOSES   ARTIC  CHEV   PIED
M01.68;ARTHRITE AVEC MYCOSES   ARTIC  AUTRES
M01.69;ARTHRITE AVEC MYCOSES   ARTIC  LOC  SAI
M01.8;ARTHRITE AVEC AUT  MAL  INFECT  ET PARA  CL  AILL 
M01.80;ARTHRITE AVEC AUT  MAL  INFECT  ET PARA  CL  AILL    SIEGES MULT 
M01.81;ARTHRITE AVEC AUT  MAL  INFECT  ET PARA  CL  AILL    ARTIC  EPAULE
M01.82;ARTHRITE AVEC AUT  MAL  INFECT  ET PARA  CL  AILL    ARTIC  COUDE
M01.83;ARTHRITE AVEC AUT  MAL  INFECT  ET PARA  CL  AILL    ARTIC  POIGNET
M01.84;ARTHRITE AVEC AUT  MAL  INFECT  ET PARA  CL  AILL    ARTIC  MAIN
M01.85;ARTHRITE AVEC AUT  MAL  INFECT  ET PARA  CL  AILL    HANCHE  SACR IL 
M01.86;ARTHRITE AVEC AUT  MAL  INFECT  ET PARA  CL  AILL    ARTIC  GENOU
M01.87;ARTHRITE AVEC AUT  MAL  INFECT  ET PARA  CL  AILL    CHEV   PIED
M01.88;ARTHRITE AVEC AUT  MAL  INFECT  ET PARA  CL  AILL    ARTIC  AUTRES
M01.89;ARTHRITE AVEC AUT  MAL  INFECT  ET PARA  CL  AILL    ARTIC  LOC  SAI
M02.0;ARTHROPATHIE APRES DERIVATION INTEST 
M02.00;ARTHROPATHIE APRES DERIVATION INTEST    SIEGES MULT 
M02.01;ARTHROPATHIE APRES DERIVATION INTEST    ARTIC  EPAULE
M02.02;ARTHROPATHIE APRES DERIVATION INTEST    ARTIC  COUDE
M02.03;ARTHROPATHIE APRES DERIVATION INTEST    ARTIC  POIGNET
M02.04;ARTHROPATHIE APRES DERIVATION INTEST    ARTIC  MAIN
M02.05;ARTHROPATHIE APRES DERIVATION INTEST    HANCHE  SACR IL 
M02.06;ARTHROPATHIE APRES DERIVATION INTEST    ARTIC  GENOU
M02.07;ARTHROPATHIE APRES DERIVATION INTEST    ARTIC  CHEV   PIED
M02.08;ARTHROPATHIE APRES DERIVATION INTEST    ARTIC  AUTRES
M02.09;ARTHROPATHIE APRES DERIVATION INTEST    ARTIC  LOC  SAI
M02.1;ARTHROPATHIE POST DYSENTERIQUE
M02.10;ARTHROPATHIE POST DYSENTERIQUE   SIEGES MULT 
M02.11;ARTHROPATHIE POST DYSENTERIQUE   ARTIC  EPAULE
M02.12;ARTHROPATHIE POST DYSENTERIQUE   ARTIC  COUDE
M02.13;ARTHROPATHIE POST DYSENTERIQUE   ARTIC  POIGNET
M02.14;ARTHROPATHIE POST DYSENTERIQUE   ARTIC  MAIN
M02.15;ARTHROPATHIE POST DYSENTERIQUE   HANCHE  SACR IL 
M02.16;ARTHROPATHIE POST DYSENTERIQUE   ARTIC  GENOU
M02.17;ARTHROPATHIE POST DYSENTERIQUE   ARTIC  CHEV   PIED
M02.18;ARTHROPATHIE POST DYSENTERIQUE   ARTIC  AUTRES
M02.19;ARTHROPATHIE POST DYSENTERIQUE   ARTIC  LOC  SAI
M02.2;ARTHROPATHIE POST VACCINALE
M02.20;ARTHROPATHIE POST VACCINALE   SIEGES MULT 
M02.21;ARTHROPATHIE POST VACCINALE   ARTIC  EPAULE
M02.22;ARTHROPATHIE POST VACCINALE   ARTIC  COUDE
M02.23;ARTHROPATHIE POST VACCINALE   ARTIC  POIGNET
M02.24;ARTHROPATHIE POST VACCINALE   ARTIC  MAIN
M02.25;ARTHROPATHIE POST VACCINALE   HANCHE  SACR IL 
M02.26;ARTHROPATHIE POST VACCINALE   ARTIC  GENOU
M02.27;ARTHROPATHIE POST VACCINALE   ARTIC  CHEV   PIED
M02.28;ARTHROPATHIE POST VACCINALE   ARTIC  AUTRES
M02.29;ARTHROPATHIE POST VACCINALE   ARTIC  LOC  SAI
M02.3;SYND  OCULO URETRO SYNOVIAL
M02.30;SYND  OCULO URETRO SYNOVIAL   SIEGES MULT 
M02.31;SYND  OCULO URETRO SYNOVIAL   ARTIC  EPAULE
M02.32;SYND  OCULO URETRO SYNOVIAL   ARTIC  COUDE
M02.33;SYND  OCULO URETRO SYNOVIAL   ARTIC  POIGNET
M02.34;SYND  OCULO URETRO SYNOVIAL   ARTIC  MAIN
M02.35;SYND  OCULO URETRO SYNOVIAL   HANCHE  SACR IL 
M02.36;SYND  OCULO URETRO SYNOVIAL   ARTIC  GENOU
M02.37;SYND  OCULO URETRO SYNOVIAL   ARTIC  CHEV   PIED
M02.38;SYND  OCULO URETRO SYNOVIAL   ARTIC  AUTRES
M02.39;SYND  OCULO URETRO SYNOVIAL   ARTIC  LOC  SAI
M02.8;ARTHROPATHIES REACTIONNELLES  NCA
M02.80;ARTHROPATHIES REACTIONNELLES  NCA   SIEGES MULT 
M02.81;ARTHROPATHIES REACTIONNELLES  NCA   ARTIC  EPAULE
M02.82;ARTHROPATHIES REACTIONNELLES  NCA   ARTIC  COUDE
M02.83;ARTHROPATHIES REACTIONNELLES  NCA   ARTIC  POIGNET
M02.84;ARTHROPATHIES REACTIONNELLES  NCA   ARTIC  MAIN
M02.85;ARTHROPATHIES REACTIONNELLES  NCA   HANCHE  SACR IL 
M02.86;ARTHROPATHIES REACTIONNELLES  NCA   ARTIC  GENOU
M02.87;ARTHROPATHIES REACTIONNELLES  NCA   ARTIC  CHEV   PIED
M02.88;ARTHROPATHIES REACTIONNELLES  NCA   ARTIC  AUTRES
M02.89;ARTHROPATHIES REACTIONNELLES  NCA   ARTIC  LOC  SAI
M02.9;ARTHROPATHIE REACTIONNELLE  SAI
M02.90;ARTHROPATHIE REACTIONNELLE  SAI   SIEGES MULT 
M02.91;ARTHROPATHIE REACTIONNELLE  SAI   ARTIC  EPAULE
M02.92;ARTHROPATHIE REACTIONNELLE  SAI   ARTIC  COUDE
M02.93;ARTHROPATHIE REACTIONNELLE  SAI   ARTIC  POIGNET
M02.94;ARTHROPATHIE REACTIONNELLE  SAI   ARTIC  MAIN
M02.95;ARTHROPATHIE REACTIONNELLE  SAI   HANCHE  SACR IL 
M02.96;ARTHROPATHIE REACTIONNELLE  SAI   ARTIC  GENOU
M02.97;ARTHROPATHIE REACTIONNELLE  SAI   ARTIC  CHEV   PIED
M02.98;ARTHROPATHIE REACTIONNELLE  SAI   ARTIC  AUTRES
M02.99;ARTHROPATHIE REACTIONNELLE  SAI   ARTIC  LOC  SAI
M03.0;ARTHRITE POST MENINGO 
M03.00;ARTHRITE POST MENINGO    SIEGES MULT 
M03.01;ARTHRITE POST MENINGO    ARTIC  EPAULE
M03.02;ARTHRITE POST MENINGO    ARTIC  COUDE
M03.03;ARTHRITE POST MENINGO    ARTIC  POIGNET
M03.04;ARTHRITE POST MENINGO    ARTIC  MAIN
M03.05;ARTHRITE POST MENINGO    HANCHE  SACR IL 
M03.06;ARTHRITE POST MENINGO    ARTIC  GENOU
M03.07;ARTHRITE POST MENINGO    ARTIC  CHEV   PIED
M03.08;ARTHRITE POST MENINGO    ARTIC  AUTRES
M03.09;ARTHRITE POST MENINGO    ARTIC  LOC  SAI
M03.1;ARTHROPATHIE SYPHILITIQUE POST INFECT 
M03.10;ARTHROPATHIE SYPHILITIQUE POST INFECT    SIEGES MULT 
M03.11;ARTHROPATHIE SYPHILITIQUE POST INFECT    ARTIC  EPAULE
M03.12;ARTHROPATHIE SYPHILITIQUE POST INFECT    ARTIC  COUDE
M03.13;ARTHROPATHIE SYPHILITIQUE POST INFECT    ARTIC  POIGNET
M03.14;ARTHROPATHIE SYPHILITIQUE POST INFECT    ARTIC  MAIN
M03.15;ARTHROPATHIE SYPHILITIQUE POST INFECT    HANCHE  SACR IL 
M03.16;ARTHROPATHIE SYPHILITIQUE POST INFECT    ARTIC  GENOU
M03.17;ARTHROPATHIE SYPHILITIQUE POST INFECT    ARTIC  CHEV   PIED
M03.18;ARTHROPATHIE SYPHILITIQUE POST INFECT    ARTIC  AUTRES
M03.19;ARTHROPATHIE SYPHILITIQUE POST INFECT    ARTIC  LOC  SAI
M03.2;ARTHROPATHIES POST INF  NCA  AVEC MAL  CL  AILL 
M03.20;ARTHROPATHIES POST INF  NCA  AVEC MAL  CL  AILL    SIEGES MULT 
M03.21;ARTHROPATHIES POST INF  NCA  AVEC MAL  CL  AILL    ARTIC  EPAULE
M03.22;ARTHROPATHIES POST INF  NCA  AVEC MAL  CL  AILL    ARTIC  COUDE
M03.23;ARTHROPATHIES POST INF  NCA  AVEC MAL  CL  AILL    ARTIC  POIGNET
M03.24;ARTHROPATHIES POST INF  NCA  AVEC MAL  CL  AILL    ARTIC  MAIN
M03.25;ARTHROPATHIES POST INF  NCA  AVEC MAL  CL  AILL    HANCHE  SACR IL 
M03.26;ARTHROPATHIES POST INF  NCA  AVEC MAL  CL  AILL    ARTIC  GENOU
M03.27;ARTHROPATHIES POST INF  NCA  AVEC MAL  CL  AILL    ARTIC  CHEV   PIED
M03.28;ARTHROPATHIES POST INF  NCA  AVEC MAL  CL  AILL    ARTIC  AUTRES
M03.29;ARTHROPATHIES POST INF  NCA  AVEC MAL  CL  AILL    ARTIC  LOC  SAI
M03.6;ARTHROPATHIE REACT  AVEC AUT  MAL  CL  AILL 
M03.60;ARTHROPATHIE REACT  AVEC AUT  MAL  CL  AILL    SIEGES MULT 
M03.61;ARTHROPATHIE REACT  AVEC AUT  MAL  CL  AILL    ARTIC  EPAULE
M03.62;ARTHROPATHIE REACT  AVEC AUT  MAL  CL  AILL    ARTIC  COUDE
M03.63;ARTHROPATHIE REACT  AVEC AUT  MAL  CL  AILL    ARTIC  POIGNET
M03.64;ARTHROPATHIE REACT  AVEC AUT  MAL  CL  AILL    ARTIC  MAIN
M03.65;ARTHROPATHIE REACT  AVEC AUT  MAL  CL  AILL    HANCHE  SACR IL 
M03.66;ARTHROPATHIE REACT  AVEC AUT  MAL  CL  AILL    ARTIC  GENOU
M03.67;ARTHROPATHIE REACT  AVEC AUT  MAL  CL  AILL    ARTIC  CHEV   PIED
M03.68;ARTHROPATHIE REACT  AVEC AUT  MAL  CL  AILL    ARTIC  AUTRES
M03.69;ARTHROPATHIE REACT  AVEC AUT  MAL  CL  AILL    ARTIC  LOC  SAI
M05.0;SYND  DE FELTY
M05.00;SYND  DE FELTY   SIEGES MULT 
M05.01;SYND  DE FELTY   ARTIC  EPAULE
M05.02;SYND  DE FELTY   ARTIC  COUDE
M05.03;SYND  DE FELTY   ARTIC  POIGNET
M05.04;SYND  DE FELTY   ARTIC  MAIN
M05.05;SYND  DE FELTY   HANCHE  SACR IL 
M05.06;SYND  DE FELTY   ARTIC  GENOU
M05.07;SYND  DE FELTY   ARTIC  CHEV   PIED
M05.08;SYND  DE FELTY   ARTIC  AUTRES
M05.09;SYND  DE FELTY   ARTIC  LOC  SAI
M05.1;MAL  PULM  RHUMATOIDE
M05.10;MAL  PULM  RHUMATOIDE   SIEGES MULT 
M05.11;MAL  PULM  RHUMATOIDE   ARTIC  EPAULE
M05.12;MAL  PULM  RHUMATOIDE   ARTIC  COUDE
M05.13;MAL  PULM  RHUMATOIDE   ARTIC  POIGNET
M05.14;MAL  PULM  RHUMATOIDE   ARTIC  MAIN
M05.15;MAL  PULM  RHUMATOIDE   HANCHE  SACR IL 
M05.16;MAL  PULM  RHUMATOIDE   ARTIC  GENOU
M05.17;MAL  PULM  RHUMATOIDE   ARTIC  CHEV   PIED
M05.18;MAL  PULM  RHUMATOIDE   ARTIC  AUTRES
M05.19;MAL  PULM  RHUMATOIDE   ARTIC  LOC  SAI
M05.2;VASCULARITE RHUMATOIDE
M05.20;VASCULARITE RHUMATOIDE   SIEGES MULT 
M05.21;VASCULARITE RHUMATOIDE   ARTIC  EPAULE
M05.22;VASCULARITE RHUMATOIDE   ARTIC  COUDE
M05.23;VASCULARITE RHUMATOIDE   ARTIC  POIGNET
M05.24;VASCULARITE RHUMATOIDE   ARTIC  MAIN
M05.25;VASCULARITE RHUMATOIDE   HANCHE  SACR IL 
M05.26;VASCULARITE RHUMATOIDE   ARTIC  GENOU
M05.27;VASCULARITE RHUMATOIDE   ARTIC  CHEV   PIED
M05.28;VASCULARITE RHUMATOIDE   ARTIC  AUTRES
M05.29;VASCULARITE RHUMATOIDE   ARTIC  LOC  SAI
M05.3;POLYARTHRITE RHUMAT  AVEC ATT  AUT  ORG  ET APP 
M05.30;POLYARTHRITE RHUMAT  AVEC ATT  AUT  ORG  ET APP    SIEGES MULT 
M05.31;POLYARTHRITE RHUMAT  AVEC ATT  AUT  ORG  ET APP    ARTIC  EPAULE
M05.32;POLYARTHRITE RHUMAT  AVEC ATT  AUT  ORG  ET APP    ARTIC  COUDE
M05.33;POLYARTHRITE RHUMAT  AVEC ATT  AUT  ORG  ET APP    ARTIC  POIGNET
M05.34;POLYARTHRITE RHUMAT  AVEC ATT  AUT  ORG  ET APP    ARTIC  MAIN
M05.35;POLYARTHRITE RHUMAT  AVEC ATT  AUT  ORG  ET APP    HANCHE  SACR IL 
M05.36;POLYARTHRITE RHUMAT  AVEC ATT  AUT  ORG  ET APP    ARTIC  GENOU
M05.37;POLYARTHRITE RHUMAT  AVEC ATT  AUT  ORG  ET APP    ARTIC  CHEV   PIED
M05.38;POLYARTHRITE RHUMAT  AVEC ATT  AUT  ORG  ET APP    ARTIC  AUTRES
M05.39;POLYARTHRITE RHUMAT  AVEC ATT  AUT  ORG  ET APP    ARTIC  LOC  SAI
M05.8;POLYARTHRITES RHUMATOIDES SEROPOSITIVES  NCA
M05.80;POLYARTHRITES RHUMATOIDES SEROPOSITIVES  NCA   SIEGES MULT 
M05.81;POLYARTHRITES RHUMATOIDES SEROPOSITIVES  NCA   ARTIC  EPAULE
M05.82;POLYARTHRITES RHUMATOIDES SEROPOSITIVES  NCA   ARTIC  COUDE
M05.83;POLYARTHRITES RHUMATOIDES SEROPOSITIVES  NCA   ARTIC  POIGNET
M05.84;POLYARTHRITES RHUMATOIDES SEROPOSITIVES  NCA   ARTIC  MAIN
M05.85;POLYARTHRITES RHUMATOIDES SEROPOSITIVES  NCA   HANCHE  SACR IL 
M05.86;POLYARTHRITES RHUMATOIDES SEROPOSITIVES  NCA   ARTIC  GENOU
M05.87;POLYARTHRITES RHUMATOIDES SEROPOSITIVES  NCA   ARTIC  CHEV   PIED
M05.88;POLYARTHRITES RHUMATOIDES SEROPOSITIVES  NCA   ARTIC  AUTRES
M05.89;POLYARTHRITES RHUMATOIDES SEROPOSITIVES  NCA   ARTIC  LOC  SAI
M05.9;POLYARTHRITE RHUMATOIDE SEROPOSITIVE  SAI
M05.90;POLYARTHRITE RHUMATOIDE SEROPOSITIVE  SAI   SIEGES MULT 
M05.91;POLYARTHRITE RHUMATOIDE SEROPOSITIVE  SAI   ARTIC  EPAULE
M05.92;POLYARTHRITE RHUMATOIDE SEROPOSITIVE  SAI   ARTIC  COUDE
M05.93;POLYARTHRITE RHUMATOIDE SEROPOSITIVE  SAI   ARTIC  POIGNET
M05.94;POLYARTHRITE RHUMATOIDE SEROPOSITIVE  SAI   ARTIC  MAIN
M05.95;POLYARTHRITE RHUMATOIDE SEROPOSITIVE  SAI   HANCHE  SACR IL 
M05.96;POLYARTHRITE RHUMATOIDE SEROPOSITIVE  SAI   ARTIC  GENOU
M05.97;POLYARTHRITE RHUMATOIDE SEROPOSITIVE  SAI   ARTIC  CHEV   PIED
M05.98;POLYARTHRITE RHUMATOIDE SEROPOSITIVE  SAI   ARTIC  AUTRES
M05.99;POLYARTHRITE RHUMATOIDE SEROPOSITIVE  SAI   ARTIC  LOC  SAI
M06.0;POLYARTHRITE RHUMATOIDE SERONEGATIVE
M06.00;POLYARTHRITE RHUMATOIDE SERONEGATIVE   SIEGES MULT 
M06.01;POLYARTHRITE RHUMATOIDE SERONEGATIVE   ARTIC  EPAULE
M06.02;POLYARTHRITE RHUMATOIDE SERONEGATIVE   ARTIC  COUDE
M06.03;POLYARTHRITE RHUMATOIDE SERONEGATIVE   ARTIC  POIGNET
M06.04;POLYARTHRITE RHUMATOIDE SERONEGATIVE   ARTIC  MAIN
M06.05;POLYARTHRITE RHUMATOIDE SERONEGATIVE   HANCHE  SACR IL 
M06.06;POLYARTHRITE RHUMATOIDE SERONEGATIVE   ARTIC  GENOU
M06.07;POLYARTHRITE RHUMATOIDE SERONEGATIVE   ARTIC  CHEV   PIED
M06.08;POLYARTHRITE RHUMATOIDE SERONEGATIVE   ARTIC  AUTRES
M06.09;POLYARTHRITE RHUMATOIDE SERONEGATIVE   ARTIC  LOC  SAI
M06.1;MAL  DE STILL SURVENANT CHEZ L ADULTE
M06.10;MAL  DE STILL SURVENANT CHEZ L ADULTE   SIEGES MULT 
M06.11;MAL  DE STILL SURVENANT CHEZ L ADULTE   ARTIC  EPAULE
M06.12;MAL  DE STILL SURVENANT CHEZ L ADULTE   ARTIC  COUDE
M06.13;MAL  DE STILL SURVENANT CHEZ L ADULTE   ARTIC  POIGNET
M06.14;MAL  DE STILL SURVENANT CHEZ L ADULTE   ARTIC  MAIN
M06.15;MAL  DE STILL SURVENANT CHEZ L ADULTE   HANCHE  SACR IL 
M06.16;MAL  DE STILL SURVENANT CHEZ L ADULTE   ARTIC  GENOU
M06.17;MAL  DE STILL SURVENANT CHEZ L ADULTE   ARTIC  CHEV   PIED
M06.18;MAL  DE STILL SURVENANT CHEZ L ADULTE   ARTIC  AUTRES
M06.19;MAL  DE STILL SURVENANT CHEZ L ADULTE   ARTIC  LOC  SAI
M06.2;BURSITE RHUMATOIDE
M06.20;BURSITE RHUMATOIDE   SIEGES MULT 
M06.21;BURSITE RHUMATOIDE   ARTIC  EPAULE
M06.22;BURSITE RHUMATOIDE   ARTIC  COUDE
M06.23;BURSITE RHUMATOIDE   ARTIC  POIGNET
M06.24;BURSITE RHUMATOIDE   ARTIC  MAIN
M06.25;BURSITE RHUMATOIDE   HANCHE  SACR IL 
M06.26;BURSITE RHUMATOIDE   ARTIC  GENOU
M06.27;BURSITE RHUMATOIDE   ARTIC  CHEV   PIED
M06.28;BURSITE RHUMATOIDE   ARTIC  AUTRES
M06.29;BURSITE RHUMATOIDE   ARTIC  LOC  SAI
M06.3;NODULE RHUMATOIDE
M06.30;NODULE RHUMATOIDE   SIEGES MULT 
M06.31;NODULE RHUMATOIDE   ARTIC  EPAULE
M06.32;NODULE RHUMATOIDE   ARTIC  COUDE
M06.33;NODULE RHUMATOIDE   ARTIC  POIGNET
M06.34;NODULE RHUMATOIDE   ARTIC  MAIN
M06.35;NODULE RHUMATOIDE   HANCHE  SACR IL 
M06.36;NODULE RHUMATOIDE   ARTIC  GENOU
M06.37;NODULE RHUMATOIDE   ARTIC  CHEV   PIED
M06.38;NODULE RHUMATOIDE   ARTIC  AUTRES
M06.39;NODULE RHUMATOIDE   ARTIC  LOC  SAI
M06.4;POLYARTHROPATHIE INFL 
M06.40;POLYARTHROPATHIE INFL    SIEGES MULT 
M06.41;POLYARTHROPATHIE INFL    ARTIC  EPAULE
M06.42;POLYARTHROPATHIE INFL    ARTIC  COUDE
M06.43;POLYARTHROPATHIE INFL    ARTIC  POIGNET
M06.44;POLYARTHROPATHIE INFL    ARTIC  MAIN
M06.45;POLYARTHROPATHIE INFL    HANCHE  SACR IL 
M06.46;POLYARTHROPATHIE INFL    ARTIC  GENOU
M06.47;POLYARTHROPATHIE INFL    ARTIC  CHEV   PIED
M06.48;POLYARTHROPATHIE INFL    ARTIC  AUTRES
M06.49;POLYARTHROPATHIE INFL    ARTIC  LOC  SAI
M06.8;POLYARTHRITES RHUMATOIDES PREC   NCA
M06.80;POLYARTHRITES RHUMATOIDES PREC   NCA   SIEGES MULT 
M06.81;POLYARTHRITES RHUMATOIDES PREC   NCA   ARTIC  EPAULE
M06.82;POLYARTHRITES RHUMATOIDES PREC   NCA   ARTIC  COUDE
M06.83;POLYARTHRITES RHUMATOIDES PREC   NCA   ARTIC  POIGNET
M06.84;POLYARTHRITES RHUMATOIDES PREC   NCA   ARTIC  MAIN
M06.85;POLYARTHRITES RHUMATOIDES PREC   NCA   HANCHE  SACR IL 
M06.86;POLYARTHRITES RHUMATOIDES PREC   NCA   ARTIC  GENOU
M06.87;POLYARTHRITES RHUMATOIDES PREC   NCA   ARTIC  CHEV   PIED
M06.88;POLYARTHRITES RHUMATOIDES PREC   NCA   ARTIC  AUTRES
M06.89;POLYARTHRITES RHUMATOIDES PREC   NCA   ARTIC  LOC  SAI
M06.9;POLYARTHRITE RHUMATOIDE  SAI
M06.90;POLYARTHRITE RHUMATOIDE  SAI   SIEGES MULT 
M06.91;POLYARTHRITE RHUMATOIDE  SAI   ARTIC  EPAULE
M06.92;POLYARTHRITE RHUMATOIDE  SAI   ARTIC  COUDE
M06.93;POLYARTHRITE RHUMATOIDE  SAI   ARTIC  POIGNET
M06.94;POLYARTHRITE RHUMATOIDE  SAI   ARTIC  MAIN
M06.95;POLYARTHRITE RHUMATOIDE  SAI   HANCHE  SACR IL 
M06.96;POLYARTHRITE RHUMATOIDE  SAI   ARTIC  GENOU
M06.97;POLYARTHRITE RHUMATOIDE  SAI   ARTIC  CHEV   PIED
M06.98;POLYARTHRITE RHUMATOIDE  SAI   ARTIC  AUTRES
M06.99;POLYARTHRITE RHUMATOIDE  SAI   ARTIC  LOC  SAI
M07.0;ARTHROPATHIE PSORIASIQUE DIST  INTERPHAL 
M07.00;ARTHROPATHIE PSORIASIQUE DIST  INTERPHAL    SIEGES MULT 
M07.04;ARTHROPATHIE PSORIASIQUE DIST  INTERPHAL    ARTIC  MAIN
M07.07;ARTHROPATHIE PSORIASIQUE DIST  INTERPHAL    ARTIC  CHEV   PIED
M07.09;ARTHROPATHIE PSORIASIQUE DIST  INTERPHAL    ARTIC  LOC  SAI
M07.1;ARTHRITE MUTILANTE
M07.10;ARTHRITE MUTILANTE   SIEGES MULT 
M07.11;ARTHRITE MUTILANTE   ARTIC  EPAULE
M07.12;ARTHRITE MUTILANTE   ARTIC  COUDE
M07.13;ARTHRITE MUTILANTE   ARTIC  POIGNET
M07.14;ARTHRITE MUTILANTE   ARTIC  MAIN
M07.15;ARTHRITE MUTILANTE   HANCHE  SACR IL 
M07.16;ARTHRITE MUTILANTE   ARTIC  GENOU
M07.17;ARTHRITE MUTILANTE   ARTIC  CHEV   PIED
M07.18;ARTHRITE MUTILANTE   ARTIC  AUTRES
M07.19;ARTHRITE MUTILANTE   ARTIC  LOC  SAI
M07.2;SPONDYLITE PSORIASIQUE
M07.28;SPONDYLITE PSORIASIQUE   ARTIC  AUTRES
M07.3;ARTHROPATHIES PSORIASIQUES  NCA
M07.30;ARTHROPATHIES PSORIASIQUES  NCA   SIEGES MULT 
M07.31;ARTHROPATHIES PSORIASIQUES  NCA   ARTIC  EPAULE
M07.32;ARTHROPATHIES PSORIASIQUES  NCA   ARTIC  COUDE
M07.33;ARTHROPATHIES PSORIASIQUES  NCA   ARTIC  POIGNET
M07.34;ARTHROPATHIES PSORIASIQUES  NCA   ARTIC  MAIN
M07.35;ARTHROPATHIES PSORIASIQUES  NCA   HANCHE  SACR IL 
M07.36;ARTHROPATHIES PSORIASIQUES  NCA   ARTIC  GENOU
M07.37;ARTHROPATHIES PSORIASIQUES  NCA   ARTIC  CHEV   PIED
M07.38;ARTHROPATHIES PSORIASIQUES  NCA   ARTIC  AUTRES
M07.39;ARTHROPATHIES PSORIASIQUES  NCA   ARTIC  LOC  SAI
M07.4;ARTHROPATHIE AVEC LA MAL  DE CROHN
M07.40;ARTHROPATHIE AVEC LA MAL  DE CROHN   SIEGES MULT 
M07.41;ARTHROPATHIE AVEC LA MAL  DE CROHN   ARTIC  EPAULE
M07.42;ARTHROPATHIE AVEC LA MAL  DE CROHN   ARTIC  COUDE
M07.43;ARTHROPATHIE AVEC LA MAL  DE CROHN   ARTIC  POIGNET
M07.44;ARTHROPATHIE AVEC LA MAL  DE CROHN   ARTIC  MAIN
M07.45;ARTHROPATHIE AVEC LA MAL  DE CROHN   HANCHE  SACR IL 
M07.46;ARTHROPATHIE AVEC LA MAL  DE CROHN   ARTIC  GENOU
M07.47;ARTHROPATHIE AVEC LA MAL  DE CROHN   ARTIC  CHEV   PIED
M07.48;ARTHROPATHIE AVEC LA MAL  DE CROHN   ARTIC  AUTRES
M07.49;ARTHROPATHIE AVEC LA MAL  DE CROHN   ARTIC  LOC  SAI
M07.5;ARTHROPATHIE AVEC COLITE ULCEREUSE
M07.50;ARTHROPATHIE AVEC COLITE ULCEREUSE   SIEGES MULT 
M07.51;ARTHROPATHIE AVEC COLITE ULCEREUSE   ARTIC  EPAULE
M07.52;ARTHROPATHIE AVEC COLITE ULCEREUSE   ARTIC  COUDE
M07.53;ARTHROPATHIE AVEC COLITE ULCEREUSE   ARTIC  POIGNET
M07.54;ARTHROPATHIE AVEC COLITE ULCEREUSE   ARTIC  MAIN
M07.55;ARTHROPATHIE AVEC COLITE ULCEREUSE   HANCHE  SACR IL 
M07.56;ARTHROPATHIE AVEC COLITE ULCEREUSE   ARTIC  GENOU
M07.57;ARTHROPATHIE AVEC COLITE ULCEREUSE   ARTIC  CHEV   PIED
M07.58;ARTHROPATHIE AVEC COLITE ULCEREUSE   ARTIC  AUTRES
M07.59;ARTHROPATHIE AVEC COLITE ULCEREUSE   ARTIC  LOC  SAI
M07.6;ARTHROPATHIES ENTEROPATHIQUES  NCA
M07.60;ARTHROPATHIES ENTEROPATHIQUES  NCA   SIEGES MULT 
M07.61;ARTHROPATHIES ENTEROPATHIQUES  NCA   ARTIC  EPAULE
M07.62;ARTHROPATHIES ENTEROPATHIQUES  NCA   ARTIC  COUDE
M07.63;ARTHROPATHIES ENTEROPATHIQUES  NCA   ARTIC  POIGNET
M07.64;ARTHROPATHIES ENTEROPATHIQUES  NCA   ARTIC  MAIN
M07.65;ARTHROPATHIES ENTEROPATHIQUES  NCA   HANCHE  SACR IL 
M07.66;ARTHROPATHIES ENTEROPATHIQUES  NCA   ARTIC  GENOU
M07.67;ARTHROPATHIES ENTEROPATHIQUES  NCA   ARTIC  CHEV   PIED
M07.68;ARTHROPATHIES ENTEROPATHIQUES  NCA   ARTIC  AUTRES
M07.69;ARTHROPATHIES ENTEROPATHIQUES  NCA   ARTIC  LOC  SAI
M08.0;POLYARTHRITE RHUMATOIDE JUV 
M08.00;POLYARTHRITE RHUMATOIDE JUV    SIEGES MULT 
M08.01;POLYARTHRITE RHUMATOIDE JUV    ARTIC  EPAULE
M08.02;POLYARTHRITE RHUMATOIDE JUV    ARTIC  COUDE
M08.03;POLYARTHRITE RHUMATOIDE JUV    ARTIC  POIGNET
M08.04;POLYARTHRITE RHUMATOIDE JUV    ARTIC  MAIN
M08.05;POLYARTHRITE RHUMATOIDE JUV    HANCHE  SACR IL 
M08.06;POLYARTHRITE RHUMATOIDE JUV    ARTIC  GENOU
M08.07;POLYARTHRITE RHUMATOIDE JUV    ARTIC  CHEV   PIED
M08.08;POLYARTHRITE RHUMATOIDE JUV    ARTIC  AUTRES
M08.09;POLYARTHRITE RHUMATOIDE JUV    ARTIC  LOC  SAI
M08.1;SPONDYLARTHRITE ANKYLOSANTE JUV 
M08.10;SPONDYLARTHRITE ANKYLOSANTE JUV    SIEGES MULT 
M08.15;SPONDYLARTHRITE ANKYLOSANTE JUV    HANCHE  SACR IL 
M08.18;SPONDYLARTHRITE ANKYLOSANTE JUV    ARTIC  AUTRES
M08.19;SPONDYLARTHRITE ANKYLOSANTE JUV    ARTIC  LOC  SAI
M08.2;POLYARTHRITE JUV  AVEC DEBUT SYSTEMIQUE
M08.20;POLYARTHRITE JUV  AVEC DEBUT SYSTEMIQUE   SIEGES MULT 
M08.21;POLYARTHRITE JUV  AVEC DEBUT SYSTEMIQUE   ARTIC  EPAULE
M08.22;POLYARTHRITE JUV  AVEC DEBUT SYSTEMIQUE   ARTIC  COUDE
M08.23;POLYARTHRITE JUV  AVEC DEBUT SYSTEMIQUE   ARTIC  POIGNET
M08.24;POLYARTHRITE JUV  AVEC DEBUT SYSTEMIQUE   ARTIC  MAIN
M08.25;POLYARTHRITE JUV  AVEC DEBUT SYSTEMIQUE   HANCHE  SACR IL 
M08.26;POLYARTHRITE JUV  AVEC DEBUT SYSTEMIQUE   ARTIC  GENOU
M08.27;POLYARTHRITE JUV  AVEC DEBUT SYSTEMIQUE   ARTIC  CHEV   PIED
M08.28;POLYARTHRITE JUV  AVEC DEBUT SYSTEMIQUE   ARTIC  AUTRES
M08.29;POLYARTHRITE JUV  AVEC DEBUT SYSTEMIQUE   ARTIC  LOC  SAI
M08.3;POLYARTHRITE JUV  SERONEGATIVE OU SAI
M08.30;POLYARTHRITE JUV  SERONEGATIVE OU SAI   SIEGES MULT 
M08.31;POLYARTHRITE JUV  SERONEGATIVE OU SAI   ARTIC  EPAULE
M08.32;POLYARTHRITE JUV  SERONEGATIVE OU SAI   ARTIC  COUDE
M08.33;POLYARTHRITE JUV  SERONEGATIVE OU SAI   ARTIC  POIGNET
M08.34;POLYARTHRITE JUV  SERONEGATIVE OU SAI   ARTIC  MAIN
M08.35;POLYARTHRITE JUV  SERONEGATIVE OU SAI   HANCHE  SACR IL 
M08.36;POLYARTHRITE JUV  SERONEGATIVE OU SAI   ARTIC  GENOU
M08.37;POLYARTHRITE JUV  SERONEGATIVE OU SAI   ARTIC  CHEV   PIED
M08.38;POLYARTHRITE JUV  SERONEGATIVE OU SAI   ARTIC  AUTRES
M08.39;POLYARTHRITE JUV  SERONEGATIVE OU SAI   ARTIC  LOC  SAI
M08.4;POLYARTHRITE PAUCI ARTIC  JUV 
M08.40;POLYARTHRITE PAUCI ARTIC  JUV    SIEGES MULT 
M08.41;POLYARTHRITE PAUCI ARTIC  JUV    ARTIC  EPAULE
M08.42;POLYARTHRITE PAUCI ARTIC  JUV    ARTIC  COUDE
M08.43;POLYARTHRITE PAUCI ARTIC  JUV    ARTIC  POIGNET
M08.44;POLYARTHRITE PAUCI ARTIC  JUV    ARTIC  MAIN
M08.45;POLYARTHRITE PAUCI ARTIC  JUV    HANCHE  SACR IL 
M08.46;POLYARTHRITE PAUCI ARTIC  JUV    ARTIC  GENOU
M08.47;POLYARTHRITE PAUCI ARTIC  JUV    ARTIC  CHEV   PIED
M08.48;POLYARTHRITE PAUCI ARTIC  JUV    ARTIC  AUTRES
M08.49;POLYARTHRITE PAUCI ARTIC  JUV    ARTIC  LOC  SAI
M08.8;POLYARTHRITES JUV   NCA
M08.80;POLYARTHRITES JUV   NCA   SIEGES MULT 
M08.81;POLYARTHRITES JUV   NCA   ARTIC  EPAULE
M08.82;POLYARTHRITES JUV   NCA   ARTIC  COUDE
M08.83;POLYARTHRITES JUV   NCA   ARTIC  POIGNET
M08.84;POLYARTHRITES JUV   NCA   ARTIC  MAIN
M08.85;POLYARTHRITES JUV   NCA   HANCHE  SACR IL 
M08.86;POLYARTHRITES JUV   NCA   ARTIC  GENOU
M08.87;POLYARTHRITES JUV   NCA   ARTIC  CHEV   PIED
M08.88;POLYARTHRITES JUV   NCA   ARTIC  AUTRES
M08.89;POLYARTHRITES JUV   NCA   ARTIC  LOC  SAI
M08.9;POLYARTHRITE JUV   SAI
M08.90;POLYARTHRITE JUV   SAI   SIEGES MULT 
M08.91;POLYARTHRITE JUV   SAI   ARTIC  EPAULE
M08.92;POLYARTHRITE JUV   SAI   ARTIC  COUDE
M08.93;POLYARTHRITE JUV   SAI   ARTIC  POIGNET
M08.94;POLYARTHRITE JUV   SAI   ARTIC  MAIN
M08.95;POLYARTHRITE JUV   SAI   HANCHE  SACR IL 
M08.96;POLYARTHRITE JUV   SAI   ARTIC  GENOU
M08.97;POLYARTHRITE JUV   SAI   ARTIC  CHEV   PIED
M08.98;POLYARTHRITE JUV   SAI   ARTIC  AUTRES
M08.99;POLYARTHRITE JUV   SAI   ARTIC  LOC  SAI
M09.0;POLYARTHRITE JUV  AVEC PSORIASIS
M09.00;POLYARTHRITE JUV  AVEC PSORIASIS   SIEGES MULT 
M09.01;POLYARTHRITE JUV  AVEC PSORIASIS   ARTIC  EPAULE
M09.02;POLYARTHRITE JUV  AVEC PSORIASIS   ARTIC  COUDE
M09.03;POLYARTHRITE JUV  AVEC PSORIASIS   ARTIC  POIGNET
M09.04;POLYARTHRITE JUV  AVEC PSORIASIS   ARTIC  MAIN
M09.05;POLYARTHRITE JUV  AVEC PSORIASIS   HANCHE  SACR IL 
M09.06;POLYARTHRITE JUV  AVEC PSORIASIS   ARTIC  GENOU
M09.07;POLYARTHRITE JUV  AVEC PSORIASIS   ARTIC  CHEV   PIED
M09.08;POLYARTHRITE JUV  AVEC PSORIASIS   ARTIC  AUTRES
M09.09;POLYARTHRITE JUV  AVEC PSORIASIS   ARTIC  LOC  SAI
M09.1;POLYARTHRITE JUV  AVEC LA MAL  DE CROHN
M09.10;POLYARTHRITE JUV  AVEC LA MAL  DE CROHN   SIEGES MULT 
M09.11;POLYARTHRITE JUV  AVEC LA MAL  DE CROHN   ARTIC  EPAULE
M09.12;POLYARTHRITE JUV  AVEC LA MAL  DE CROHN   ARTIC  COUDE
M09.13;POLYARTHRITE JUV  AVEC LA MAL  DE CROHN   ARTIC  POIGNET
M09.14;POLYARTHRITE JUV  AVEC LA MAL  DE CROHN   ARTIC  MAIN
M09.15;POLYARTHRITE JUV  AVEC LA MAL  DE CROHN   HANCHE  SACR IL 
M09.16;POLYARTHRITE JUV  AVEC LA MAL  DE CROHN   ARTIC  GENOU
M09.17;POLYARTHRITE JUV  AVEC LA MAL  DE CROHN   ARTIC  CHEV   PIED
M09.18;POLYARTHRITE JUV  AVEC LA MAL  DE CROHN   ARTIC  AUTRES
M09.19;POLYARTHRITE JUV  AVEC LA MAL  DE CROHN   ARTIC  LOC  SAI
M09.2;POLYARTHRITE JUV  AVEC COLITE ULCEREUSE
M09.20;POLYARTHRITE JUV  AVEC COLITE ULCEREUSE   SIEGES MULT 
M09.21;POLYARTHRITE JUV  AVEC COLITE ULCEREUSE   ARTIC  EPAULE
M09.22;POLYARTHRITE JUV  AVEC COLITE ULCEREUSE   ARTIC  COUDE
M09.23;POLYARTHRITE JUV  AVEC COLITE ULCEREUSE   ARTIC  POIGNET
M09.24;POLYARTHRITE JUV  AVEC COLITE ULCEREUSE   ARTIC  MAIN
M09.25;POLYARTHRITE JUV  AVEC COLITE ULCEREUSE   HANCHE  SACR IL 
M09.26;POLYARTHRITE JUV  AVEC COLITE ULCEREUSE   ARTIC  GENOU
M09.27;POLYARTHRITE JUV  AVEC COLITE ULCEREUSE   ARTIC  CHEV   PIED
M09.28;POLYARTHRITE JUV  AVEC COLITE ULCEREUSE   ARTIC  AUTRES
M09.29;POLYARTHRITE JUV  AVEC COLITE ULCEREUSE   ARTIC  LOC  SAI
M09.8;POLYARTHRITE JUV  AVEC AUTRES MAL  CL  AILL 
M09.80;POLYARTHRITE JUV  AVEC AUTRES MAL  CL  AILL    SIEGES MULT 
M09.81;POLYARTHRITE JUV  AVEC AUTRES MAL  CL  AILL    ARTIC  EPAULE
M09.82;POLYARTHRITE JUV  AVEC AUTRES MAL  CL  AILL    ARTIC  COUDE
M09.83;POLYARTHRITE JUV  AVEC AUTRES MAL  CL  AILL    ARTIC  POIGNET
M09.84;POLYARTHRITE JUV  AVEC AUTRES MAL  CL  AILL    ARTIC  MAIN
M09.85;POLYARTHRITE JUV  AVEC AUTRES MAL  CL  AILL    HANCHE  SACR IL 
M09.86;POLYARTHRITE JUV  AVEC AUTRES MAL  CL  AILL    ARTIC  GENOU
M09.87;POLYARTHRITE JUV  AVEC AUTRES MAL  CL  AILL    ARTIC  CHEV   PIED
M09.88;POLYARTHRITE JUV  AVEC AUTRES MAL  CL  AILL    ARTIC  AUTRES
M09.89;POLYARTHRITE JUV  AVEC AUTRES MAL  CL  AILL    ARTIC  LOC  SAI
M10.0;GOUTTE IDIOP 
M10.00;GOUTTE IDIOP    SIEGES MULT 
M10.01;GOUTTE IDIOP    ARTIC  EPAULE
M10.02;GOUTTE IDIOP    ARTIC  COUDE
M10.03;GOUTTE IDIOP    ARTIC  POIGNET
M10.04;GOUTTE IDIOP    ARTIC  MAIN
M10.05;GOUTTE IDIOP    HANCHE  SACR IL 
M10.06;GOUTTE IDIOP    ARTIC  GENOU
M10.07;GOUTTE IDIOP    ARTIC  CHEV   PIED
M10.08;GOUTTE IDIOP    ARTIC  AUTRES
M10.09;GOUTTE IDIOP    ARTIC  LOC  SAI
M10.1;GOUTTE SATURNINE
M10.10;GOUTTE SATURNINE   SIEGES MULT 
M10.11;GOUTTE SATURNINE   ARTIC  EPAULE
M10.12;GOUTTE SATURNINE   ARTIC  COUDE
M10.13;GOUTTE SATURNINE   ARTIC  POIGNET
M10.14;GOUTTE SATURNINE   ARTIC  MAIN
M10.15;GOUTTE SATURNINE   HANCHE  SACR IL 
M10.16;GOUTTE SATURNINE   ARTIC  GENOU
M10.17;GOUTTE SATURNINE   ARTIC  CHEV   PIED
M10.18;GOUTTE SATURNINE   ARTIC  AUTRES
M10.19;GOUTTE SATURNINE   ARTIC  LOC  SAI
M10.2;GOUTTE MEDICAM 
M10.20;GOUTTE MEDICAM    SIEGES MULT 
M10.21;GOUTTE MEDICAM    ARTIC  EPAULE
M10.22;GOUTTE MEDICAM    ARTIC  COUDE
M10.23;GOUTTE MEDICAM    ARTIC  POIGNET
M10.24;GOUTTE MEDICAM    ARTIC  MAIN
M10.25;GOUTTE MEDICAM    HANCHE  SACR IL 
M10.26;GOUTTE MEDICAM    ARTIC  GENOU
M10.27;GOUTTE MEDICAM    ARTIC  CHEV   PIED
M10.28;GOUTTE MEDICAM    ARTIC  AUTRES
M10.29;GOUTTE MEDICAM    ARTIC  LOC  SAI
M10.3;GOUTTE DUE A UNE ALTERATION DE LA FCT  RENALE
M10.30;GOUTTE DUE A UNE ALTERATION DE LA FCT  RENALE   SIEGES MULT 
M10.31;GOUTTE DUE A UNE ALTERATION DE LA FCT  RENALE   ARTIC  EPAULE
M10.32;GOUTTE DUE A UNE ALTERATION DE LA FCT  RENALE   ARTIC  COUDE
M10.33;GOUTTE DUE A UNE ALTERATION DE LA FCT  RENALE   ARTIC  POIGNET
M10.34;GOUTTE DUE A UNE ALTERATION DE LA FCT  RENALE   ARTIC  MAIN
M10.35;GOUTTE DUE A UNE ALTERATION DE LA FCT  RENALE   HANCHE  SACR IL 
M10.36;GOUTTE DUE A UNE ALTERATION DE LA FCT  RENALE   ARTIC  GENOU
M10.37;GOUTTE DUE A UNE ALTERATION DE LA FCT  RENALE   ARTIC  CHEV   PIED
M10.38;GOUTTE DUE A UNE ALTERATION DE LA FCT  RENALE   ARTIC  AUTRES
M10.39;GOUTTE DUE A UNE ALTERATION DE LA FCT  RENALE   ARTIC  LOC  SAI
M10.4;AUTRE GOUTTE IIRE 
M10.40;AUTRE GOUTTE IIRE    SIEGES MULT 
M10.41;AUTRE GOUTTE IIRE    ARTIC  EPAULE
M10.42;AUTRE GOUTTE IIRE    ARTIC  COUDE
M10.43;AUTRE GOUTTE IIRE    ARTIC  POIGNET
M10.44;AUTRE GOUTTE IIRE    ARTIC  MAIN
M10.45;AUTRE GOUTTE IIRE    HANCHE  SACR IL 
M10.46;AUTRE GOUTTE IIRE    ARTIC  GENOU
M10.47;AUTRE GOUTTE IIRE    ARTIC  CHEV   PIED
M10.48;AUTRE GOUTTE IIRE    ARTIC  AUTRES
M10.49;AUTRE GOUTTE IIRE    ARTIC  LOC  SAI
M10.9;GOUTTE  SAI
M10.90;GOUTTE  SAI   SIEGES MULT 
M10.91;GOUTTE  SAI   ARTIC  EPAULE
M10.92;GOUTTE  SAI   ARTIC  COUDE
M10.93;GOUTTE  SAI   ARTIC  POIGNET
M10.94;GOUTTE  SAI   ARTIC  MAIN
M10.95;GOUTTE  SAI   HANCHE  SACR IL 
M10.96;GOUTTE  SAI   ARTIC  GENOU
M10.97;GOUTTE  SAI   ARTIC  CHEV   PIED
M10.98;GOUTTE  SAI   ARTIC  AUTRES
M10.99;GOUTTE  SAI   ARTIC  LOC  SAI
M11.0;MAL  PAR DEPOT D HYDROXYAPATITE
M11.00;MAL  PAR DEPOT D HYDROXYAPATITE   SIEGES MULT 
M11.01;MAL  PAR DEPOT D HYDROXYAPATITE   ARTIC  EPAULE
M11.02;MAL  PAR DEPOT D HYDROXYAPATITE   ARTIC  COUDE
M11.03;MAL  PAR DEPOT D HYDROXYAPATITE   ARTIC  POIGNET
M11.04;MAL  PAR DEPOT D HYDROXYAPATITE   ARTIC  MAIN
M11.05;MAL  PAR DEPOT D HYDROXYAPATITE   HANCHE  SACR IL 
M11.06;MAL  PAR DEPOT D HYDROXYAPATITE   ARTIC  GENOU
M11.07;MAL  PAR DEPOT D HYDROXYAPATITE   ARTIC  CHEV   PIED
M11.08;MAL  PAR DEPOT D HYDROXYAPATITE   ARTIC  AUTRES
M11.09;MAL  PAR DEPOT D HYDROXYAPATITE   ARTIC  LOC  SAI
M11.1;CHONDROCALCINOSE FAM 
M11.10;CHONDROCALCINOSE FAM    SIEGES MULT 
M11.11;CHONDROCALCINOSE FAM    ARTIC  EPAULE
M11.12;CHONDROCALCINOSE FAM    ARTIC  COUDE
M11.13;CHONDROCALCINOSE FAM    ARTIC  POIGNET
M11.14;CHONDROCALCINOSE FAM    ARTIC  MAIN
M11.15;CHONDROCALCINOSE FAM    HANCHE  SACR IL 
M11.16;CHONDROCALCINOSE FAM    ARTIC  GENOU
M11.17;CHONDROCALCINOSE FAM    ARTIC  CHEV   PIED
M11.18;CHONDROCALCINOSE FAM    ARTIC  AUTRES
M11.19;CHONDROCALCINOSE FAM    ARTIC  LOC  SAI
M11.2;AUTRE CHONDROCALCINOSE
M11.20;AUTRE CHONDROCALCINOSE   SIEGES MULT 
M11.21;AUTRE CHONDROCALCINOSE   ARTIC  EPAULE
M11.22;AUTRE CHONDROCALCINOSE   ARTIC  COUDE
M11.23;AUTRE CHONDROCALCINOSE   ARTIC  POIGNET
M11.24;AUTRE CHONDROCALCINOSE   ARTIC  MAIN
M11.25;AUTRE CHONDROCALCINOSE   HANCHE  SACR IL 
M11.26;AUTRE CHONDROCALCINOSE   ARTIC  GENOU
M11.27;AUTRE CHONDROCALCINOSE   ARTIC  CHEV   PIED
M11.28;AUTRE CHONDROCALCINOSE   ARTIC  AUTRES
M11.29;AUTRE CHONDROCALCINOSE   ARTIC  LOC  SAI
M11.8;ARTHROPATHIES DUES A DES MICROCRIST PREC   NCA
M11.80;ARTHROPATHIES DUES A DES MICROCRIST PREC   NCA   SIEGES MULT 
M11.81;ARTHROPATHIES DUES A DES MICROCRIST PREC   NCA   ARTIC  EPAULE
M11.82;ARTHROPATHIES DUES A DES MICROCRIST PREC   NCA   ARTIC  COUDE
M11.83;ARTHROPATHIES DUES A DES MICROCRIST PREC   NCA   ARTIC  POIGNET
M11.84;ARTHROPATHIES DUES A DES MICROCRIST PREC   NCA   ARTIC  MAIN
M11.85;ARTHROPATHIES DUES A DES MICROCRIST PREC   NCA   HANCHE  SACR IL 
M11.86;ARTHROPATHIES DUES A DES MICROCRIST PREC   NCA   ARTIC  GENOU
M11.87;ARTHROPATHIES DUES A DES MICROCRIST PREC   NCA   ARTIC  CHEV   PIED
M11.88;ARTHROPATHIES DUES A DES MICROCRIST PREC   NCA   ARTIC  AUTRES
M11.89;ARTHROPATHIES DUES A DES MICROCRIST PREC   NCA   ARTIC  LOC  SAI
M11.9;ARTHROPATHIE DUE A DES MICROCRISTAUX  SAI
M11.90;ARTHROPATHIE DUE A DES MICROCRISTAUX  SAI   SIEGES MULT 
M11.91;ARTHROPATHIE DUE A DES MICROCRISTAUX  SAI   ARTIC  EPAULE
M11.92;ARTHROPATHIE DUE A DES MICROCRISTAUX  SAI   ARTIC  COUDE
M11.93;ARTHROPATHIE DUE A DES MICROCRISTAUX  SAI   ARTIC  POIGNET
M11.94;ARTHROPATHIE DUE A DES MICROCRISTAUX  SAI   ARTIC  MAIN
M11.95;ARTHROPATHIE DUE A DES MICROCRISTAUX  SAI   HANCHE  SACR IL 
M11.96;ARTHROPATHIE DUE A DES MICROCRISTAUX  SAI   ARTIC  GENOU
M11.97;ARTHROPATHIE DUE A DES MICROCRISTAUX  SAI   ARTIC  CHEV   PIED
M11.98;ARTHROPATHIE DUE A DES MICROCRISTAUX  SAI   ARTIC  AUTRES
M11.99;ARTHROPATHIE DUE A DES MICROCRISTAUX  SAI   ARTIC  LOC  SAI
M12.0;ARTHROPATHIE CHRON  POST RHUM 
M12.00;ARTHROPATHIE CHRON  POST RHUM    SIEGES MULT 
M12.01;ARTHROPATHIE CHRON  POST RHUM    ARTIC  EPAULE
M12.02;ARTHROPATHIE CHRON  POST RHUM    ARTIC  COUDE
M12.03;ARTHROPATHIE CHRON  POST RHUM    ARTIC  POIGNET
M12.04;ARTHROPATHIE CHRON  POST RHUM    ARTIC  MAIN
M12.05;ARTHROPATHIE CHRON  POST RHUM    HANCHE  SACR IL 
M12.06;ARTHROPATHIE CHRON  POST RHUM    ARTIC  GENOU
M12.07;ARTHROPATHIE CHRON  POST RHUM    ARTIC  CHEV   PIED
M12.08;ARTHROPATHIE CHRON  POST RHUM    ARTIC  AUTRES
M12.09;ARTHROPATHIE CHRON  POST RHUM    ARTIC  LOC  SAI
M12.1;MAL  DE KASCHIN BECK
M12.10;MAL  DE KASCHIN BECK   SIEGES MULT 
M12.11;MAL  DE KASCHIN BECK   ARTIC  EPAULE
M12.12;MAL  DE KASCHIN BECK   ARTIC  COUDE
M12.13;MAL  DE KASCHIN BECK   ARTIC  POIGNET
M12.14;MAL  DE KASCHIN BECK   ARTIC  MAIN
M12.15;MAL  DE KASCHIN BECK   HANCHE  SACR IL 
M12.16;MAL  DE KASCHIN BECK   ARTIC  GENOU
M12.17;MAL  DE KASCHIN BECK   ARTIC  CHEV   PIED
M12.18;MAL  DE KASCHIN BECK   ARTIC  AUTRES
M12.19;MAL  DE KASCHIN BECK   ARTIC  LOC  SAI
M12.2;SYNOVITE VILLONODULAIRE
M12.20;SYNOVITE VILLONODULAIRE   SIEGES MULT 
M12.21;SYNOVITE VILLONODULAIRE   ARTIC  EPAULE
M12.22;SYNOVITE VILLONODULAIRE   ARTIC  COUDE
M12.23;SYNOVITE VILLONODULAIRE   ARTIC  POIGNET
M12.24;SYNOVITE VILLONODULAIRE   ARTIC  MAIN
M12.25;SYNOVITE VILLONODULAIRE   HANCHE  SACR IL 
M12.26;SYNOVITE VILLONODULAIRE   ARTIC  GENOU
M12.27;SYNOVITE VILLONODULAIRE   ARTIC  CHEV   PIED
M12.28;SYNOVITE VILLONODULAIRE   ARTIC  AUTRES
M12.29;SYNOVITE VILLONODULAIRE   ARTIC  LOC  SAI
M12.3;RHUM  PALINDROMIQUE
M12.30;RHUM  PALINDROMIQUE   SIEGES MULT 
M12.31;RHUM  PALINDROMIQUE   ARTIC  EPAULE
M12.32;RHUM  PALINDROMIQUE   ARTIC  COUDE
M12.33;RHUM  PALINDROMIQUE   ARTIC  POIGNET
M12.34;RHUM  PALINDROMIQUE   ARTIC  MAIN
M12.35;RHUM  PALINDROMIQUE   HANCHE  SACR IL 
M12.36;RHUM  PALINDROMIQUE   ARTIC  GENOU
M12.37;RHUM  PALINDROMIQUE   ARTIC  CHEV   PIED
M12.38;RHUM  PALINDROMIQUE   ARTIC  AUTRES
M12.39;RHUM  PALINDROMIQUE   ARTIC  LOC  SAI
M12.4;HYDARTHROSE INTERMITTENTE
M12.40;HYDARTHROSE INTERMITTENTE   SIEGES MULT 
M12.41;HYDARTHROSE INTERMITTENTE   ARTIC  EPAULE
M12.42;HYDARTHROSE INTERMITTENTE   ARTIC  COUDE
M12.43;HYDARTHROSE INTERMITTENTE   ARTIC  POIGNET
M12.44;HYDARTHROSE INTERMITTENTE   ARTIC  MAIN
M12.45;HYDARTHROSE INTERMITTENTE   HANCHE  SACR IL 
M12.46;HYDARTHROSE INTERMITTENTE   ARTIC  GENOU
M12.47;HYDARTHROSE INTERMITTENTE   ARTIC  CHEV   PIED
M12.48;HYDARTHROSE INTERMITTENTE   ARTIC  AUTRES
M12.49;HYDARTHROSE INTERMITTENTE   ARTIC  LOC  SAI
M12.5;ARTHROPATHIE TRAUMA 
M12.50;ARTHROPATHIE TRAUMA    SIEGES MULT 
M12.51;ARTHROPATHIE TRAUMA    ARTIC  EPAULE
M12.52;ARTHROPATHIE TRAUMA    ARTIC  COUDE
M12.53;ARTHROPATHIE TRAUMA    ARTIC  POIGNET
M12.54;ARTHROPATHIE TRAUMA    ARTIC  MAIN
M12.55;ARTHROPATHIE TRAUMA    HANCHE  SACR IL 
M12.56;ARTHROPATHIE TRAUMA    ARTIC  GENOU
M12.57;ARTHROPATHIE TRAUMA    ARTIC  CHEV   PIED
M12.58;ARTHROPATHIE TRAUMA    ARTIC  AUTRES
M12.59;ARTHROPATHIE TRAUMA    ARTIC  LOC  SAI
M12.8;ARTHROPATHIES SPECIFIQUES  NCA
M12.80;ARTHROPATHIES SPECIFIQUES  NCA   SIEGES MULT 
M12.81;ARTHROPATHIES SPECIFIQUES  NCA   ARTIC  EPAULE
M12.82;ARTHROPATHIES SPECIFIQUES  NCA   ARTIC  COUDE
M12.83;ARTHROPATHIES SPECIFIQUES  NCA   ARTIC  POIGNET
M12.84;ARTHROPATHIES SPECIFIQUES  NCA   ARTIC  MAIN
M12.85;ARTHROPATHIES SPECIFIQUES  NCA   HANCHE  SACR IL 
M12.86;ARTHROPATHIES SPECIFIQUES  NCA   ARTIC  GENOU
M12.87;ARTHROPATHIES SPECIFIQUES  NCA   ARTIC  CHEV   PIED
M12.88;ARTHROPATHIES SPECIFIQUES  NCA   ARTIC  AUTRES
M12.89;ARTHROPATHIES SPECIFIQUES  NCA   ARTIC  LOC  SAI
M13.0;POLYARTHRITE  SAI
M13.00;POLYARTHRITE  SAI   SIEGES MULT 
M13.1;MONOARTHRITE  NCA
M13.11;MONOARTHRITE  NCA   ARTIC  EPAULE
M13.12;MONOARTHRITE  NCA   ARTIC  COUDE
M13.13;MONOARTHRITE  NCA   ARTIC  POIGNET
M13.14;MONOARTHRITE  NCA   ARTIC  MAIN
M13.15;MONOARTHRITE  NCA   HANCHE  SACR IL 
M13.16;MONOARTHRITE  NCA   ARTIC  GENOU
M13.17;MONOARTHRITE  NCA   ARTIC  CHEV   PIED
M13.18;MONOARTHRITE  NCA   ARTIC  AUTRES
M13.19;MONOARTHRITE  NCA   ARTIC  LOC  SAI
M13.8;ARTHRITES PREC   NCA
M13.80;ARTHRITES PREC   NCA   SIEGES MULT 
M13.81;ARTHRITES PREC   NCA   ARTIC  EPAULE
M13.82;ARTHRITES PREC   NCA   ARTIC  COUDE
M13.83;ARTHRITES PREC   NCA   ARTIC  POIGNET
M13.84;ARTHRITES PREC   NCA   ARTIC  MAIN
M13.85;ARTHRITES PREC   NCA   HANCHE  SACR IL 
M13.86;ARTHRITES PREC   NCA   ARTIC  GENOU
M13.87;ARTHRITES PREC   NCA   ARTIC  CHEV   PIED
M13.88;ARTHRITES PREC   NCA   ARTIC  AUTRES
M13.89;ARTHRITES PREC   NCA   ARTIC  LOC  SAI
M13.9;ARTHRITE  SAI
M13.91;ARTHRITE  SAI   ARTIC  EPAULE
M13.92;ARTHRITE  SAI   ARTIC  COUDE
M13.93;ARTHRITE  SAI   ARTIC  POIGNET
M13.94;ARTHRITE  SAI   ARTIC  MAIN
M13.95;ARTHRITE  SAI   HANCHE  SACR IL 
M13.96;ARTHRITE  SAI   ARTIC  GENOU
M13.97;ARTHRITE  SAI   ARTIC  CHEV   PIED
M13.98;ARTHRITE  SAI   ARTIC  AUTRES
M13.99;ARTHRITE  SAI   ARTIC  LOC  SAI
M14.0;ARTHROPATHIE GOUTTEUSE DUE A UN DEFIC  ENZYM  ET AUTRES TBL  HERED 
M14.1;ARTHROPATHIE A MICROCRISTAUX AVEC AUTRES TBL  METAB  CL  AILL 
M14.2;ARTHROPATHIE DIABETIQUE
M14.3;DERMATO ARTHRITE LIPOIDE
M14.4;ARTHROPATHIE AVEC AMYLOSE
M14.5;ARTHROPATHIE AVEC AUTRES MAL  ENDOCRINIENNES  NUTR  ET METAB 
M14.6;ARTHROPATHIE NEUROPATHIQUE
M14.8;ARTHROPATHIE AVEC AUTRES MAL  PREC  CL  AILL 
M15.0;ARTHROSE IRE  GENERALISEE
M15.1;NODOSITES D HEBERDEN
M15.2;NODOSITES DE BOUCHARD
M15.3;ARTHROSE IIRE  MULT 
M15.4;ARTHROSE EROSIVE
M15.8;POLYARTHROSES  NCA
M15.9;POLYARTHROSE  SAI
M16.0;COXARTHROSE IRE   BILAT 
M16.1;COXARTHROSES IRE   UNILAT  OU SAI
M16.2;COXARTHROSE D ORIGINE DYSPLASIQUE  BILAT 
M16.3;COXARTHROSES DYSPLASIQUES  UNILAT  OU SAI
M16.4;COXARTHROSE POST TRAUMA   BILAT 
M16.5;COXARTHROSES POST TRAUMA   UNILAT  OU SAI
M16.6;COXARTHROSES IIRE   BILAT   NCA
M16.7;COXARTHROSES IIRE   UNILAT  OU SAI
M16.9;COXARTHROSE  SAI
M17.0;GONARTHROSE IRE   BILAT 
M17.1;GONARTHROSES IRE   UNILAT  OU SAI
M17.2;GONARTHROSE POST TRAUMA   BILAT 
M17.3;GONARTHROSES POST TRAUMA   UNILAT  OU SAI
M17.4;GONARTHROSES IIRE   BILAT   NCA
M17.5;GONARTHROSES IIRE   UNILAT  OU SAI
M17.9;GONARTHROSE  SAI
M18.0;ARTHROSE IRE  DE LA 1ERE ARTIC  CARPO METACARP   BILAT 
M18.1;ARTHROSES IRE  DE LA 1ERE ARTIC  CARPO METACARP   UNILAT  OU SAI
M18.2;ARTHROSE POST TRAUMA  DE LA 1ERE ARTIC  CARPO METACARP   BILAT 
M18.3;ARTHROSES POST TRAUMA  1ERE ARTIC  CARPO METACARP   UNILAT  OU SAI
M18.4;ARTHROSES IIRE  NCA  DE LA 1ERE ARTIC  CARPO METACARP   BILAT 
M18.5;ARTHROSES IIRE  NCA  1ERE ARTIC  CARPO METACARP   UNILAT  OU SAI
M18.9;ARTHROSE DE LA 1ERE ARTIC  CARPO METACARP   SAI
M19.0;ARTHROSE IRE  D AUTRES ARTIC 
M19.01;ARTHROSE IRE  D AUTRES ARTIC    ARTIC  EPAULE
M19.02;ARTHROSE IRE  D AUTRES ARTIC    ARTIC  COUDE
M19.03;ARTHROSE IRE  D AUTRES ARTIC    ARTIC  POIGNET
M19.04;ARTHROSE IRE  D AUTRES ARTIC    ARTIC  MAIN
M19.05;ARTHROSE IRE  D AUTRES ARTIC    HANCHE  SACR IL 
M19.07;ARTHROSE IRE  D AUTRES ARTIC    ARTIC  CHEV   PIED
M19.08;ARTHROSE IRE  D AUTRES ARTIC    ARTIC  AUTRES
M19.09;ARTHROSE IRE  D AUTRES ARTIC    ARTIC  LOC  SAI
M19.1;ARTHROSE POST TRAUMA  D AUTRES ARTIC 
M19.11;ARTHROSE POST TRAUMA  D AUTRES ARTIC    ARTIC  EPAULE
M19.12;ARTHROSE POST TRAUMA  D AUTRES ARTIC    ARTIC  COUDE
M19.13;ARTHROSE POST TRAUMA  D AUTRES ARTIC    ARTIC  POIGNET
M19.14;ARTHROSE POST TRAUMA  D AUTRES ARTIC    ARTIC  MAIN
M19.15;ARTHROSE POST TRAUMA  D AUTRES ARTIC    HANCHE  SACR IL 
M19.17;ARTHROSE POST TRAUMA  D AUTRES ARTIC    ARTIC  CHEV   PIED
M19.18;ARTHROSE POST TRAUMA  D AUTRES ARTIC    ARTIC  AUTRES
M19.19;ARTHROSE POST TRAUMA  D AUTRES ARTIC    ARTIC  LOC  SAI
M19.2;AUTRES ARTHROSES IIRES 
M19.21;ARTHROSE IIRE  D AUTRES ARTIC    ARTIC  EPAULE
M19.22;ARTHROSE IIRE  D AUTRES ARTIC    ARTIC  COUDE
M19.23;ARTHROSE IIRE  D AUTRES ARTIC    ARTIC  POIGNET
M19.24;ARTHROSE IIRE  D AUTRES ARTIC    ARTIC  MAIN
M19.25;ARTHROSE IIRE  D AUTRES ARTIC    HANCHE  SACR IL 
M19.27;ARTHROSE IIRE  D AUTRES ARTIC    ARTIC  CHEV   PIED
M19.28;ARTHROSE IIRE  D AUTRES ARTIC    ARTIC  AUTRES
M19.29;ARTHROSE IIRE  D AUTRES ARTIC    ARTIC  LOC  SAI
M19.8;ARTHROSES PREC   NCA
M19.81;ARTHROSES PREC   NCA   ARTIC  EPAULE
M19.82;ARTHROSES PREC   NCA   ARTIC  COUDE
M19.83;ARTHROSES PREC   NCA   ARTIC  POIGNET
M19.84;ARTHROSES PREC   NCA   ARTIC  MAIN
M19.85;ARTHROSES PREC   NCA   HANCHE  SACR IL 
M19.87;ARTHROSES PREC   NCA   ARTIC  CHEV   PIED
M19.88;ARTHROSES PREC   NCA   ARTIC  AUTRES
M19.89;ARTHROSES PREC   NCA   ARTIC  LOC  SAI
M19.9;ARTHROSE  SAI
M19.91;ARTHROSE  SAI   ARTIC  EPAULE
M19.92;ARTHROSE  SAI   ARTIC  COUDE
M19.93;ARTHROSE  SAI   ARTIC  POIGNET
M19.94;ARTHROSE  SAI   ARTIC  MAIN
M19.95;ARTHROSE  SAI   HANCHE  SACR IL 
M19.97;ARTHROSE  SAI   ARTIC  CHEV   PIED
M19.98;ARTHROSE  SAI   ARTIC  AUTRES
M19.99;ARTHROSE  SAI   ARTIC  LOC  SAI
M20.0;DEFORM  DE DOIGT
M20.1;HALLUX VALGUS
M20.2;HALLUX RIGIDUS
M20.3;DEFORM  DU GROS ORTEIL  NCA
M20.4;AUTRE ORTEIL EN MARTEAU
M20.5;DEFORM  D ORTEIL  NCA
M20.6;DEFORM  D ORTEIL  SAI
M21.0;DEFORM  EN VALGUS  NCA
M21.00;DEFORM  EN VALGUS  NCA   SIEGES MULT 
M21.01;DEFORM  EN VALGUS  NCA   EPAULE
M21.02;DEFORM  EN VALGUS  NCA   BRAS
M21.03;DEFORM  EN VALGUS  NCA   AV  BRAS
M21.04;DEFORM  EN VALGUS  NCA   MAIN
M21.05;DEFORM  EN VALGUS  NCA   HANCHE  CUISSE
M21.06;DEFORM  EN VALGUS  NCA   JAMBE
M21.07;DEFORM  EN VALGUS  NCA   CHEV   PIED
M21.09;DEFORM  EN VALGUS  NCA   SIEGE SAI
M21.1;DEFORM  EN VARUS  NCA
M21.10;DEFORM  EN VARUS  NCA   SIEGES MULT 
M21.11;DEFORM  EN VARUS  NCA   EPAULE
M21.12;DEFORM  EN VARUS  NCA   BRAS
M21.13;DEFORM  EN VARUS  NCA   AV  BRAS
M21.14;DEFORM  EN VARUS  NCA   MAIN
M21.15;DEFORM  EN VARUS  NCA   HANCHE  CUISSE
M21.16;DEFORM  EN VARUS  NCA   GENOU
M21.17;DEFORM  EN VARUS  NCA   CHEV   PIED
M21.19;DEFORM  EN VARUS  NCA   SIEGE SAI
M21.2;DEFORM  EN FLEXION
M21.20;DEFORM  EN FLEXION   SIEGES MULT 
M21.21;DEFORM  EN FLEXION   EPAULE
M21.22;DEFORM  EN FLEXION   BRAS
M21.23;DEFORM  EN FLEXION   AV  BRAS
M21.24;DEFORM  EN FLEXION   MAIN
M21.25;DEFORM  EN FLEXION   HANCHE  CUISSE
M21.26;DEFORM  EN FLEXION   JAMBE
M21.27;DEFORM  EN FLEXION   CHEV   PIED
M21.29;DEFORM  EN FLEXION   SIEGE SAI
M21.3;POIGNET OU PIED TOMBANT
M21.30;POIGNET OU PIED TOMBANT   SIEGES MULT 
M21.33;POIGNET OU PIED TOMBANT   AV  BRAS
M21.37;POIGNET OU PIED TOMBANT   CHEV   PIED
M21.39;POIGNET OU PIED TOMBANT   SIEGE SAI
M21.4;PIED PLAT
M21.47;PIED PLAT   CHEV   PIED
M21.5;MAIN ET PIED BOT OU EN GRIFFE ACQUIS
M21.50;MAIN ET PIED BOT OU EN GRIFFE ACQUIS   SIEGES MULT 
M21.54;MAIN ET PIED BOT OU EN GRIFFE ACQUIS   MAIN
M21.57;MAIN ET PIED BOT OU EN GRIFFE ACQUIS   CHEV   PIED
M21.59;MAIN ET PIED BOT OU EN GRIFFE ACQUIS   SIEGE SAI
M21.6;DEFORM  CHEVILLE  PIED  NCA
M21.67;DEFORM  CHEVILLE  PIED  NCA   CHEV   PIED
M21.7;INEGALITE DES MB 
M21.70;INEGALITE DES MB    SIEGES MULT 
M21.71;INEGALITE DES MB    EPAULE
M21.72;INEGALITE DES MB    BRAS
M21.73;INEGALITE DES MB    AV  BRAS
M21.74;INEGALITE DES MB    MAIN
M21.75;INEGALITE DES MB    HANCHE  CUISSE
M21.76;INEGALITE DES MB    JAMBE
M21.77;INEGALITE DES MB    CHEV   PIED
M21.79;INEGALITE DES MB    SIEGE SAI
M21.8;DEFORM  PREC  DE MB   NCA
M21.80;DEFORM  PREC  DE MB   NCA   SIEGES MULT 
M21.81;DEFORM  PREC  DE MB   NCA   EPAULE
M21.82;DEFORM  PREC  DE MB   NCA   BRAS
M21.83;DEFORM  PREC  DE MB   NCA   AV  BRAS
M21.84;DEFORM  PREC  DE MB   NCA   MAIN
M21.85;DEFORM  PREC  DE MB   NCA   HANCHE  CUISSE
M21.86;DEFORM  PREC  DE MB   NCA   JAMBE
M21.87;DEFORM  PREC  DE MB   NCA   CHEV   PIED
M21.89;DEFORM  PREC  DE MB   NCA   SIEGE SAI
M21.9;DEFORM  D UN MB   SAI
M21.90;DEFORM  D UN MB   SAI   SIEGES MULT 
M21.91;DEFORM  D UN MB   SAI   EPAULE
M21.92;DEFORM  D UN MB   SAI   BRAS
M21.93;DEFORM  D UN MB   SAI   AV  BRAS
M21.94;DEFORM  D UN MB   SAI   MAIN
M21.95;DEFORM  D UN MB   SAI   HANCHE  CUISSE
M21.96;DEFORM  D UN MB   SAI   JAMBE
M21.97;DEFORM  D UN MB   SAI   CHEV   PIED
M21.99;DEFORM  D UN MB   SAI   SIEGE SAI
M22.0;LUX  RECIDIVANTE DE LA ROTULE
M22.1;SUBLUX  RECIDIVANTE DE LA ROTULE
M22.2;LES  FEMORO PATELLAIRES
M22.3;DEPLACEMENTS DE LA ROTULE  NCA
M22.4;ROTULE CHONDROMALACIQUE
M22.8;LES  DE LA ROTULE  NCA
M22.9;LES  DE LA ROTULE  SAI
M23.0;KYSTE DU MENISQUE
M23.00;KYSTE DU MENISQUE   LOC  MULT 
M23.01;KYSTE DU MENISQUE   CAMI
M23.02;KYSTE DU MENISQUE   CPMI
M23.03;KYSTE DU MENISQUE   AUT  PARTIC  MI
M23.04;KYSTE DU MENISQUE   CAME
M23.05;KYSTE DU MENISQUE   CPME
M23.06;KYSTE DU MENISQUE   AUT  PARTIC  ME
M23.09;KYSTE DU MENISQUE   LOC  SAI
M23.1;MENISQUE DISCOIDE
M23.10;MENISQUE DISCOIDE   LOC  MULT 
M23.11;MENISQUE DISCOIDE   CAMI
M23.12;MENISQUE DISCOIDE   CPMI
M23.13;MENISQUE DISCOIDE   AUT  PARTIC  MI
M23.14;MENISQUE DISCOIDE   CAME
M23.15;MENISQUE DISCOIDE   CPME
M23.16;MENISQUE DISCOIDE   AUT  PARTIC  ME
M23.19;MENISQUE DISCOIDE   LOC  SAI
M23.2;LES  D UN MENISQUE DUE DECHIR  OU UN TRAUMA  ANCIEN
M23.20;LES  D UN MENISQUE DUE DECHIR  OU UN TRAUMA  ANCIEN   LOC  MULT 
M23.21;LES  D UN MENISQUE DUE DECHIR  OU UN TRAUMA  ANCIEN   CAMI
M23.22;LES  D UN MENISQUE DUE DECHIR  OU UN TRAUMA  ANCIEN   CPMI
M23.23;LES  D UN MENISQUE DUE DECHIR  OU UN TRAUMA  ANCIEN   AUT  PARTIC  MI
M23.24;LES  D UN MENISQUE DUE DECHIR  OU UN TRAUMA  ANCIEN   CAME
M23.25;LES  D UN MENISQUE DUE DECHIR  OU UN TRAUMA  ANCIEN   CPME
M23.26;LES  D UN MENISQUE DUE DECHIR  OU UN TRAUMA  ANCIEN   AUT  PARTIC  ME
M23.29;LES  D UN MENISQUE DUE DECHIR  OU UN TRAUMA  ANCIEN   LOC  SAI
M23.3;ATTEINTES DU MENISQUE  NCA
M23.30;ATTEINTES DU MENISQUE  NCA   LOC  MULT 
M23.31;ATTEINTES DU MENISQUE  NCA   CAMI
M23.32;ATTEINTES DU MENISQUE  NCA   CPMI
M23.33;ATTEINTES DU MENISQUE  NCA   AUT  PARTIC  MI
M23.34;ATTEINTES DU MENISQUE  NCA   CAME
M23.35;ATTEINTES DU MENISQUE  NCA   CPME
M23.36;ATTEINTES DU MENISQUE  NCA   AUT  PARTIC  ME
M23.39;ATTEINTES DU MENISQUE  NCA   LOC  SAI
M23.4;SOURIS INTRA ARTIC  DU GENOU
M23.5;INSTABILITE CHRON  DU GENOU
M23.50;INSTABILITE CHRON  DU GENOU   LOC  MULT 
M23.51;INSTABILITE CHRON  DU GENOU   LCAE
M23.52;INSTABILITE CHRON  DU GENOU   LCP
M23.53;INSTABILITE CHRON  DU GENOU   LIC
M23.54;INSTABILITE CHRON  DU GENOU   LLEC
M23.57;INSTABILITE CHRON  DU GENOU   CAPSULE ARTIC 
M23.59;INSTABILITE CHRON  DU GENOU   LIG  LOC  SAI
M23.6;RUPTURES SPONT  DE LIG  DU GENOU  NCA
M23.60;RUPTURES SPONT  DE LIG  DU GENOU  NCA   LOC  MULT 
M23.61;RUPTURES SPONT  DE LIG  DU GENOU  NCA   LCAE
M23.62;RUPTURES SPONT  DE LIG  DU GENOU  NCA   LCP
M23.63;RUPTURES SPONT  DE LIG  DU GENOU  NCA   LIC
M23.64;RUPTURES SPONT  DE LIG  DU GENOU  NCA   LLEC
M23.67;RUPTURES SPONT  DE LIG  DU GENOU  NCA   CAPSULE ARTIC 
M23.69;RUPTURES SPONT  DE LIG  DU GENOU  NCA   LIG  LOC  SAI
M23.8;LES  INT  DU GENOU  NCA
M23.80;LES  INT  DU GENOU  NCA   LOC  MULT 
M23.81;LES  INT  DU GENOU  NCA   LCAE
M23.82;LES  INT  DU GENOU  NCA   LCP
M23.83;LES  INT  DU GENOU  NCA   LIC
M23.84;LES  INT  DU GENOU  NCA   LLEC
M23.87;LES  INT  DU GENOU  NCA   CAPSULE ARTIC 
M23.89;LES  INT  DU GENOU  NCA   LIG  OU MEN  LOC  SAI
M23.9;LES  INT  DU GENOU  SAI
M23.90;LES  INT  DU GENOU  SAI   LOC  MULT 
M23.91;LES  INT  DU GENOU  SAI   LCAE CAMI
M23.92;LES  INT  DU GENOU  SAI   LCP CPMI
M23.93;LES  INT  DU GENOU  SAI   LIC AUT  PARTIC  MI
M23.94;LES  INT  DU GENOU  SAI   LLEC CAME
M23.95;LES  INT  DU GENOU  SAI   CPME
M23.96;LES  INT  DU GENOU  SAI   AUT  PARTIC  ME
M23.97;LES  INT  DU GENOU  SAI   CAPSULE ARTIC 
M23.99;LES  INT  DU GENOU  SAI   LIG  OU MEN  LOC  SAI
M24.0;SOURIS INTRA ARTIC 
M24.00;SOURIS INTRA ARTIC    SIEGES MULT 
M24.01;SOURIS INTRA ARTIC    ARTIC  EPAULE
M24.02;SOURIS INTRA ARTIC    ARTIC  COUDE
M24.03;SOURIS INTRA ARTIC    ARTIC  POIGNET
M24.04;SOURIS INTRA ARTIC    ARTIC  MAIN
M24.05;SOURIS INTRA ARTIC    HANCHE  SACR IL 
M24.07;SOURIS INTRA ARTIC    ARTIC  CHEV   PIED
M24.08;SOURIS INTRA ARTIC    ARTIC  AUTRES
M24.09;SOURIS INTRA ARTIC    ARTIC  LOC  SAI
M24.1;ATTEINTES DU CARTILAGE ARTIC   NCA
M24.10;ATTEINTES DU CARTILAGE ARTIC   NCA   SIEGES MULT 
M24.11;ATTEINTES DU CARTILAGE ARTIC   NCA   ARTIC  EPAULE
M24.12;ATTEINTES DU CARTILAGE ARTIC   NCA   ARTIC  COUDE
M24.13;ATTEINTES DU CARTILAGE ARTIC   NCA   ARTIC  POIGNET
M24.14;ATTEINTES DU CARTILAGE ARTIC   NCA   ARTIC  MAIN
M24.15;ATTEINTES DU CARTILAGE ARTIC   NCA   HANCHE  SACR IL 
M24.17;ATTEINTES DU CARTILAGE ARTIC   NCA   ARTIC  CHEV   PIED
M24.18;ATTEINTES DU CARTILAGE ARTIC   NCA   ARTIC  AUTRES
M24.19;ATTEINTES DU CARTILAGE ARTIC   NCA   ARTIC  LOC  SAI
M24.2;LES  LIGAMENTAIRE
M24.20;LES  LIG AIRE   SIEGES MULT 
M24.21;LES  LIG AIRE   ARTIC  EPAULE
M24.22;LES  LIG AIRE   ARTIC  COUDE
M24.23;LES  LIG AIRE   ARTIC  POIGNET
M24.24;LES  LIG AIRE   ARTIC  MAIN
M24.25;LES  LIG AIRE   HANCHE  SACR IL 
M24.27;LES  LIG AIRE   ARTIC  CHEV   PIED
M24.28;LES  LIG AIRE   ARTIC  AUTRES
M24.29;LES  LIG AIRE   ARTIC  LOC  SAI
M24.3;LUX  ET SUBLUX  PATHO  D UNE ARTIC   NCA
M24.30;LUX  ET SUBLUX  PATHO  D UNE ARTIC   NCA   SIEGES MULT 
M24.31;LUX  ET SUBLUX  PATHO  D UNE ARTIC   NCA   ARTIC  EPAULE
M24.32;LUX  ET SUBLUX  PATHO  D UNE ARTIC   NCA   ARTIC  COUDE
M24.33;LUX  ET SUBLUX  PATHO  D UNE ARTIC   NCA   ARTIC  POIGNET
M24.34;LUX  ET SUBLUX  PATHO  D UNE ARTIC   NCA   ARTIC  MAIN
M24.35;LUX  ET SUBLUX  PATHO  D UNE ARTIC   NCA   HANCHE  SACR IL 
M24.36;LUX  ET SUBLUX  PATHO  D UNE ARTIC   NCA   ARTIC  GENOU
M24.37;LUX  ET SUBLUX  PATHO  D UNE ARTIC   NCA   ARTIC  CHEV   PIED
M24.38;LUX  ET SUBLUX  PATHO  D UNE ARTIC   NCA   ARTIC  AUTRES
M24.39;LUX  ET SUBLUX  PATHO  D UNE ARTIC   NCA   ARTIC  LOC  SAI
M24.4;LUX  ET SUBLUX  ARTIC  RECIDIVANTES
M24.40;LUX  ET SUBLUX  ARTIC  RECIDIVANTES   SIEGES MULT 
M24.41;LUX  ET SUBLUX  ARTIC  RECIDIVANTES   ARTIC  EPAULE
M24.42;LUX  ET SUBLUX  ARTIC  RECIDIVANTES   ARTIC  COUDE
M24.43;LUX  ET SUBLUX  ARTIC  RECIDIVANTES   ARTIC  POIGNET
M24.44;LUX  ET SUBLUX  ARTIC  RECIDIVANTES   ARTIC  MAIN
M24.45;LUX  ET SUBLUX  ARTIC  RECIDIVANTES   HANCHE  SACR IL 
M24.46;LUX  ET SUBLUX  ARTIC  RECIDIVANTES   ARTIC  GENOU
M24.47;LUX  ET SUBLUX  ARTIC  RECIDIVANTES   ARTIC  CHEV   PIED
M24.48;LUX  ET SUBLUX  ARTIC  RECIDIVANTES   ARTIC  AUTRES
M24.49;LUX  ET SUBLUX  ARTIC  RECIDIVANTES   ARTIC  LOC  SAI
M24.5;RAIDEUR ARTIC  PAR CONTRACTURE
M24.50;RAIDEUR ARTIC  PAR CONTRACTURE   SIEGES MULT 
M24.51;RAIDEUR ARTIC  PAR CONTRACTURE   ARTIC  EPAULE
M24.52;RAIDEUR ARTIC  PAR CONTRACTURE   ARTIC  COUDE
M24.53;RAIDEUR ARTIC  PAR CONTRACTURE   ARTIC  POIGNET
M24.54;RAIDEUR ARTIC  PAR CONTRACTURE   ARTIC  MAIN
M24.55;RAIDEUR ARTIC  PAR CONTRACTURE   HANCHE  SACR IL 
M24.56;RAIDEUR ARTIC  PAR CONTRACTURE   ARTIC  GENOU
M24.57;RAIDEUR ARTIC  PAR CONTRACTURE   ARTIC  CHEV   PIED
M24.58;RAIDEUR ARTIC  PAR CONTRACTURE   ARTIC  AUTRES
M24.59;RAIDEUR ARTIC  PAR CONTRACTURE   ARTIC  LOC  SAI
M24.6;ANKYLOSE ARTIC 
M24.60;ANKYLOSE ARTIC    SIEGES MULT 
M24.61;ANKYLOSE ARTIC    ARTIC  EPAULE
M24.62;ANKYLOSE ARTIC    ARTIC  COUDE
M24.63;ANKYLOSE ARTIC    ARTIC  POIGNET
M24.64;ANKYLOSE ARTIC    ARTIC  MAIN
M24.65;ANKYLOSE ARTIC    HANCHE  SACR IL 
M24.66;ANKYLOSE ARTIC    ARTIC  GENOU
M24.67;ANKYLOSE ARTIC    ARTIC  CHEV   PIED
M24.68;ANKYLOSE ARTIC    ARTIC  AUTRES
M24.69;ANKYLOSE ARTIC    ARTIC  LOC  SAI
M24.7;PROTRUSION ACETABULAIRE
M24.75;PROTRUSION ACETABULAIRE   HANCHE  SACR IL 
M24.8;LES  ARTIC  SPECIFIQUES  NCA
M24.80;LES  ARTIC  SPECIFIQUES  NCA   SIEGES MULT 
M24.81;LES  ARTIC  SPECIFIQUES  NCA   ARTIC  EPAULE
M24.82;LES  ARTIC  SPECIFIQUES  NCA   ARTIC  COUDE
M24.83;LES  ARTIC  SPECIFIQUES  NCA   ARTIC  POIGNET
M24.84;LES  ARTIC  SPECIFIQUES  NCA   ARTIC  MAIN
M24.85;LES  ARTIC  SPECIFIQUES  NCA   HANCHE  SACR IL 
M24.86;LES  ARTIC  SPECIFIQUES  NCA   ARTIC  GENOU
M24.87;LES  ARTIC  SPECIFIQUES  NCA   ARTIC  CHEV   PIED
M24.88;LES  ARTIC  SPECIFIQUES  NCA   ARTIC  AUTRES
M24.89;LES  ARTIC  SPECIFIQUES  NCA   ARTIC  LOC  SAI
M25.0;HEMARTHROSE
M25.00;HEMARTHROSE   SIEGES MULT 
M25.01;HEMARTHROSE   ARTIC  EPAULE
M25.02;HEMARTHROSE   ARTIC  COUDE
M25.03;HEMARTHROSE   ARTIC  POIGNET
M25.04;HEMARTHROSE   ARTIC  MAIN
M25.05;HEMARTHROSE   HANCHE  SACR IL 
M25.06;HEMARTHROSE   ARTIC  GENOU
M25.07;HEMARTHROSE   ARTIC  CHEV   PIED
M25.08;HEMARTHROSE   ARTIC  AUTRES
M25.09;HEMARTHROSE   ARTIC  LOC  SAI
M25.1;FISTULE ARTIC 
M25.10;FISTULE ARTIC    SIEGES MULT 
M25.11;FISTULE ARTIC    ARTIC  EPAULE
M25.12;FISTULE ARTIC    ARTIC  COUDE
M25.13;FISTULE ARTIC    ARTIC  POIGNET
M25.14;FISTULE ARTIC    ARTIC  MAIN
M25.15;FISTULE ARTIC    HANCHE  SACR IL 
M25.16;FISTULE ARTIC    ARTIC  GENOU
M25.17;FISTULE ARTIC    ARTIC  CHEV   PIED
M25.18;FISTULE ARTIC    ARTIC  AUTRES
M25.19;FISTULE ARTIC    ARTIC  LOC  SAI
M25.2;HYPERLAXITE ARTIC 
M25.20;HYPERLAXITE ARTIC    SIEGES MULT 
M25.21;HYPERLAXITE ARTIC    ARTIC  EPAULE
M25.22;HYPERLAXITE ARTIC    ARTIC  COUDE
M25.23;HYPERLAXITE ARTIC    ARTIC  POIGNET
M25.24;HYPERLAXITE ARTIC    ARTIC  MAIN
M25.25;HYPERLAXITE ARTIC    HANCHE  SACR IL 
M25.27;HYPERLAXITE ARTIC    ARTIC  CHEV   PIED
M25.28;HYPERLAXITE ARTIC    ARTIC  AUTRES
M25.29;HYPERLAXITE ARTIC    ARTIC  LOC  SAI
M25.3;INSTABILITES ARTIC   NCA
M25.30;INSTABILITES ARTIC   NCA   SIEGES MULT 
M25.31;INSTABILITES ARTIC   NCA   ARTIC  EPAULE
M25.32;INSTABILITES ARTIC   NCA   ARTIC  COUDE
M25.33;INSTABILITES ARTIC   NCA   ARTIC  POIGNET
M25.34;INSTABILITES ARTIC   NCA   ARTIC  MAIN
M25.35;INSTABILITES ARTIC   NCA   HANCHE  SACR IL 
M25.37;INSTABILITES ARTIC   NCA   ARTIC  CHEV   PIED
M25.38;INSTABILITES ARTIC   NCA   ARTIC  AUTRES
M25.39;INSTABILITES ARTIC   NCA   ARTIC  LOC  SAI
M25.4;EPANCHEMENT ARTIC 
M25.40;EPANCHEMENT ARTIC    SIEGES MULT 
M25.41;EPANCHEMENT ARTIC    ARTIC  EPAULE
M25.42;EPANCHEMENT ARTIC    ARTIC  COUDE
M25.43;EPANCHEMENT ARTIC    ARTIC  POIGNET
M25.44;EPANCHEMENT ARTIC    ARTIC  MAIN
M25.45;EPANCHEMENT ARTIC    HANCHE  SACR IL 
M25.46;EPANCHEMENT ARTIC    ARTIC  GENOU
M25.47;EPANCHEMENT ARTIC    ARTIC  CHEV   PIED
M25.48;EPANCHEMENT ARTIC    ARTIC  AUTRES
M25.49;EPANCHEMENT ARTIC    ARTIC  LOC  SAI
M25.5;DOULEUR ARTIC 
M25.50;DOULEUR ARTIC    SIEGES MULT 
M25.51;DOULEUR ARTIC    ARTIC  EPAULE
M25.52;DOULEUR ARTIC    ARTIC  COUDE
M25.53;DOULEUR ARTIC    ARTIC  POIGNET
M25.54;DOULEUR ARTIC    ARTIC  MAIN
M25.55;DOULEUR ARTIC    HANCHE  SACR IL 
M25.56;DOULEUR ARTIC    ARTIC  GENOU
M25.57;DOULEUR ARTIC    ARTIC  CHEV   PIED
M25.58;DOULEUR ARTIC    ARTIC  AUTRES
M25.59;DOULEUR ARTIC    ARTIC  LOC  SAI
M25.6;RAIDEUR ARTIC   NCA
M25.60;RAIDEUR ARTIC   NCA   SIEGES MULT 
M25.61;RAIDEUR ARTIC   NCA   ARTIC  EPAULE
M25.62;RAIDEUR ARTIC   NCA   ARTIC  COUDE
M25.63;RAIDEUR ARTIC   NCA   ARTIC  POIGNET
M25.64;RAIDEUR ARTIC   NCA   ARTIC  MAIN
M25.65;RAIDEUR ARTIC   NCA   HANCHE  SACR IL 
M25.66;RAIDEUR ARTIC   NCA   ARTIC  GENOU
M25.67;RAIDEUR ARTIC   NCA   ARTIC  CHEV   PIED
M25.68;RAIDEUR ARTIC   NCA   ARTIC  AUTRES
M25.69;RAIDEUR ARTIC   NCA   ARTIC  LOC  SAI
M25.7;OSTEOPHYTE
M25.70;OSTEOPHYTE   SIEGES MULT 
M25.71;OSTEOPHYTE   ARTIC  EPAULE
M25.72;OSTEOPHYTE   ARTIC  COUDE
M25.73;OSTEOPHYTE   ARTIC  POIGNET
M25.74;OSTEOPHYTE   ARTIC  MAIN
M25.75;OSTEOPHYTE   HANCHE  SACR IL 
M25.76;OSTEOPHYTE   ARTIC  GENOU
M25.77;OSTEOPHYTE   ARTIC  CHEV   PIED
M25.78;OSTEOPHYTE   ARTIC  AUTRES
M25.79;OSTEOPHYTE   ARTIC  LOC  SAI
M25.8;AFF  ARTIC  PREC   NCA
M25.80;AFF  ARTIC  PREC   NCA   SIEGES MULT 
M25.81;AFF  ARTIC  PREC   NCA   ARTIC  EPAULE
M25.82;AFF  ARTIC  PREC   NCA   ARTIC  COUDE
M25.83;AFF  ARTIC  PREC   NCA   ARTIC  POIGNET
M25.84;AFF  ARTIC  PREC   NCA   ARTIC  MAIN
M25.85;AFF  ARTIC  PREC   NCA   HANCHE  SACR IL 
M25.86;AFF  ARTIC  PREC   NCA   ARTIC  GENOU
M25.87;AFF  ARTIC  PREC   NCA   ARTIC  CHEV   PIED
M25.88;AFF  ARTIC  PREC   NCA   ARTIC  AUTRES
M25.89;AFF  ARTIC  PREC   NCA   ARTIC  LOC  SAI
M30.0;PERIARTERITE NOUEUSE
M30.1;PERIARTERITE AVEC ATTEINTE PULM 
M30.2;PERIARTERITE JUV 
M30.3;SYND  ADENO CUTANEO MUQ 
M30.8;AFF  APPARENTEES A LA PERIARTERITE NOUEUSE  NCA
M31.0;ANGEITE D HYPERSENSIBILITE
M31.1;MICROANGIOPATHIE THROMBOTIQUE
M31.3;GRANULOMATOSE DE WEGENER
M31.5;ARTERITE A CELL  GEANTES AVEC POLYMYALGIE RHUM 
M31.6;ARTERITES A CELL  GEANTES  NCA
M31.7;MICROPOLYANGEITE MICRO 
M31.8;VASCULOPATHIES NECROSANTES PREC   NCA
M31.9;VASCULOPATHIE NECROSANTE  SAI
M32.0;LUPUS ERYTHEMATEUX DISSEMINE MEDICAM 
M32.1;LUPUS ERYTHEMATEUX DISSEMINE AVEC ATTEINTE D ORG  ET D APP 
M32.8;LUPUS ERYTHEMATEUX DISSEMINE  NCA
M32.9;LUPUS ERYTHEMATEUX DISSEMINE  SAI
M33.0;DERMATOMYOSITE JUV 
M33.1;DERMATOMYOSITES  NCA
M33.2;POLYMYOSITE
M33.9;DERMATOPOLYMYOSITE  SAI
M34.0;SCLÉRODERMIE SYSTÉMIQUE PROGRESSSIVE
M34.1;SYND  C R E S T 
M34.2;SCLÉRODERMIE SYSTÉMIQUE DUE À MÉDICAMENTS ET PRODUITS CHIMIQUES
M34.8;AUTRES FORMES SCLÉRODERMIE SYSTÉMIQUE
M34.9;SCLÉRODERMIE SYSTÉMIQUE  SAI
M35.0;SYND  DE GOUGEROT SJOGREN
M35.1;FORMES DE PASSAGE DES ATTEINTES SYSTEMIQUES DU TISSU CONJ   NCA
M35.2;SYND  DE BEHCET
M35.3;POLYMYALGIE RHUM 
M35.4;FASCIITE DISSEMINEE
M35.5;FIBROSCLEROSE MULT 
M35.6;PANNICULITE RECIDIVANTE
M35.7;SYND  D HYPERMOBILITE
M35.8;ATTEINTES SYSTEMIQUES PREC  DU TISSU CONJ   NCA
M35.9;ATTEINTE SYSTEMIQUE DU TISSU CONJ   SAI
M36.0;DERMATO MYOSITE AVEC MAL  TUMORALES
M36.1;ARTHROPATHIE AVEC MAL  TUMORALES CL  AILL 
M36.2;ARTHROPATHIE HEMOPHILIQUE
M36.3;ARTHROPATHIE AVEC AUTRES MAL  DU SANG CL  AILL 
M36.4;ARTHROPATHIE AVEC REAC  D HYPERSENSIBILITE CL  AILL 
M36.8;ATTEINTES SYSTEMIQUES DU TISSSU CONJ  AVEC AUTRES MAL  CL  AILL 
M40.0;CYPHOSE POSTURALE
M40.00;CYPHOSE POSTURALE   LOC  VERTEB  MULT 
M40.02;CYPHOSE POSTURALE   CERVICALE
M40.03;CYPHOSE POSTURALE   CERV  DORS 
M40.04;CYPHOSE POSTURALE   DORSALE
M40.05;CYPHOSE POSTURALE   DORS  LOMB 
M40.06;CYPHOSE POSTURALE   LOMBAIRE
M40.07;CYPHOSE POSTURALE   LOMBO SACREE
M40.09;CYPHOSE POSTURALE   LOC  VERTEB  SAI
M40.1;CYPHOSES IIRE   NCA
M40.10;CYPHOSES IIRE   NCA   LOC  VERTEB  MULT 
M40.12;CYPHOSES IIRE   NCA   CERVICALE
M40.13;CYPHOSES IIRE   NCA   CERV  DORS 
M40.14;CYPHOSES IIRE   NCA   DORSALE
M40.15;CYPHOSES IIRE   NCA   DORS  LOMB 
M40.16;CYPHOSES IIRE   NCA   LOMBAIRE
M40.17;CYPHOSES IIRE   NCA   LOMBO SACREE
M40.19;CYPHOSES IIRE   NCA   LOC  VERTEB  SAI
M40.2;CYPHOSES NCA OU SAI
M40.20;CYPHOSES NCA OU SAI   LOC  VERTEB  MULT 
M40.22;CYPHOSES NCA OU SAI   CERVICALE
M40.23;CYPHOSES NCA OU SAI   CERV  DORS 
M40.24;CYPHOSES NCA OU SAI   DORSALE
M40.25;CYPHOSES NCA OU SAI   DORS  LOMB 
M40.26;CYPHOSES NCA OU SAI   LOMBAIRE
M40.27;CYPHOSES NCA OU SAI   LOMBO SACREE
M40.29;CYPHOSES NCA OU SAI   LOC  VERTEB  SAI
M40.3;SYND  DU DOS PLAT
M40.30;SYND  DU DOS PLAT   LOC  VERTEB  MULT 
M40.32;SYND  DU DOS PLAT   CERVICALE
M40.33;SYND  DU DOS PLAT   CERV  DORS 
M40.34;SYND  DU DOS PLAT   DORSALE
M40.35;SYND  DU DOS PLAT   DORS  LOMB 
M40.36;SYND  DU DOS PLAT   LOMBAIRE
M40.37;SYND  DU DOS PLAT   LOMBO SACREE
M40.39;SYND  DU DOS PLAT   LOC  VERTEB  SAI
M40.4;LORDOSES  NCA
M40.40;LORDOSES  NCA   LOC  VERTEB  MULT 
M40.42;LORDOSES  NCA   CERVICALE
M40.43;LORDOSES  NCA   CERV  DORS 
M40.44;LORDOSES  NCA   DORSALE
M40.45;LORDOSES  NCA   DORS  LOMB 
M40.46;LORDOSES  NCA   LOMBAIRE
M40.47;LORDOSES  NCA   LOMBO SACREE
M40.49;LORDOSES  NCA   LOC  VERTEB  SAI
M40.5;LORDOSE  SAI
M40.50;LORDOSE  SAI   LOC  VERTEB  MULT 
M40.52;LORDOSE  SAI   CERVICALE
M40.53;LORDOSE  SAI   CERV  DORS 
M40.54;LORDOSE  SAI   DORSALE
M40.55;LORDOSE  SAI   DORS  LOMB 
M40.56;LORDOSE  SAI   LOMBAIRE
M40.57;LORDOSE  SAI   LOMBO SACREE
M40.59;LORDOSE  SAI   LOC  VERTEB  SAI
M41.0;SCOLIOSE IDIOP  INFANTILE
M41.00;SCOLIOSE IDIOP  INFANTILE   LOC  VERTEB  MULT 
M41.02;SCOLIOSE IDIOP  INFANTILE   CERVICALE
M41.03;SCOLIOSE IDIOP  INFANTILE   CERV  DORS 
M41.04;SCOLIOSE IDIOP  INFANTILE   DORSALE
M41.05;SCOLIOSE IDIOP  INFANTILE   DORS  LOMB 
M41.06;SCOLIOSE IDIOP  INFANTILE   LOMBAIRE
M41.07;SCOLIOSE IDIOP  INFANTILE   LOMBO SACREE
M41.09;SCOLIOSE IDIOP  INFANTILE   LOC  VERTEB  SAI
M41.1;SCOLIOSE JUV  IDIOP 
M41.10;SCOLIOSE JUV  IDIOP    LOC  VERTEB  MULT 
M41.12;SCOLIOSE JUV  IDIOP    CERVICALE
M41.13;SCOLIOSE JUV  IDIOP    CERV  DORS 
M41.14;SCOLIOSE JUV  IDIOP    DORSALE
M41.15;SCOLIOSE JUV  IDIOP    DORS  LOMB 
M41.16;SCOLIOSE JUV  IDIOP    LOMBAIRE
M41.17;SCOLIOSE JUV  IDIOP    LOMBO SACREE
M41.19;SCOLIOSE JUV  IDIOP    LOC  VERTEB  SAI
M41.2;SCOLIOSES IDIOP   NCA
M41.20;SCOLIOSES IDIOP   NCA   LOC  VERTEB  MULT 
M41.22;SCOLIOSES IDIOP   NCA   CERVICALE
M41.23;SCOLIOSES IDIOP   NCA   CERV  DORS 
M41.24;SCOLIOSES IDIOP   NCA   DORSALE
M41.25;SCOLIOSES IDIOP   NCA   DORS  LOMB 
M41.26;SCOLIOSES IDIOP   NCA   LOMBAIRE
M41.27;SCOLIOSES IDIOP   NCA   LOMBO SACREE
M41.29;SCOLIOSES IDIOP   NCA   LOC  VERTEB  SAI
M41.3;SCOLIOSE PAR ANOM  DORSALE
M41.30;SCOLIOSE PAR ANOM  DORSALE   LOC  VERTEB  MULT 
M41.32;SCOLIOSE PAR ANOM  DORSALE   CERVICALE
M41.33;SCOLIOSE PAR ANOM  DORSALE   CERV  DORS 
M41.34;SCOLIOSE PAR ANOM  DORSALE   DORSALE
M41.35;SCOLIOSE PAR ANOM  DORSALE   DORS  LOMB 
M41.36;SCOLIOSE PAR ANOM  DORSALE   LOMBAIRE
M41.37;SCOLIOSE PAR ANOM  DORSALE   LOMBO SACREE
M41.39;SCOLIOSE PAR ANOM  DORSALE   LOC  VERTEB  SAI
M41.4;SCOLIOSE NEUROMUSC 
M41.40;SCOLIOSE NEUROMUSC    LOC  VERTEB  MULT 
M41.42;SCOLIOSE NEUROMUSC    CERVICALE
M41.43;SCOLIOSE NEUROMUSC    CERV  DORS 
M41.44;SCOLIOSE NEUROMUSC    DORSALE
M41.45;SCOLIOSE NEUROMUSC    DORS  LOMB 
M41.46;SCOLIOSE NEUROMUSC    LOMBAIRE
M41.47;SCOLIOSE NEUROMUSC    LOMBO SACREE
M41.49;SCOLIOSE NEUROMUSC    LOC  VERTEB  SAI
M41.5;SCOLIOSE IIRE   NCA
M41.50;SCOLIOSE IIRE   NCA   LOC  VERTEB  MULT 
M41.52;SCOLIOSE IIRE   NCA   CERVICALE
M41.53;SCOLIOSE IIRE   NCA   CERV  DORS 
M41.54;SCOLIOSE IIRE   NCA   DORSALE
M41.55;SCOLIOSE IIRE   NCA   DORS  LOMB 
M41.56;SCOLIOSE IIRE   NCA   LOMBAIRE
M41.57;SCOLIOSE IIRE   NCA   LOMBO SACREE
M41.59;SCOLIOSE IIRE   NCA   LOC  VERTEB  SAI
M41.8;SCOLIOSE  NCA
M41.80;SCOLIOSE  NCA   LOC  VERTEB  MULT 
M41.82;SCOLIOSE  NCA   CERVICALE
M41.83;SCOLIOSE  NCA   CERV  DORS 
M41.84;SCOLIOSE  NCA   DORSALE
M41.85;SCOLIOSE  NCA   DORS  LOMB 
M41.86;SCOLIOSE  NCA   LOMBAIRE
M41.87;SCOLIOSE  NCA   LOMBO SACREE
M41.89;SCOLIOSE  NCA   LOC  VERTEB  SAI
M41.9;SCOLIOSE  SAI
M41.90;SCOLIOSE  SAI   LOC  VERTEB  MULT 
M41.92;SCOLIOSE  SAI   CERVICALE
M41.93;SCOLIOSE  SAI   CERV  DORS 
M41.94;SCOLIOSE  SAI   DORSALE
M41.95;SCOLIOSE  SAI   DORS  LOMB 
M41.96;SCOLIOSE  SAI   LOMBAIRE
M41.97;SCOLIOSE  SAI   LOMBO SACREE
M41.99;SCOLIOSE  SAI   LOC  VERTEB  SAI
M42.0;OSTEOCHONDRITE VERTEB  JUV 
M42.00;OSTEOCHONDRITE VERTEB  JUV    LOC  VERTEB  MULT 
M42.01;OSTEOCHONDRITE VERTEB  JUV    OCC   ATLAS  AXIS
M42.02;OSTEOCHONDRITE VERTEB  JUV    CERVICALE
M42.03;OSTEOCHONDRITE VERTEB  JUV    CERV  DORS 
M42.04;OSTEOCHONDRITE VERTEB  JUV    DORSALE
M42.05;OSTEOCHONDRITE VERTEB  JUV    DORS  LOMB 
M42.06;OSTEOCHONDRITE VERTEB  JUV    LOMBAIRE
M42.07;OSTEOCHONDRITE VERTEB  JUV    LOMBO SACREE
M42.08;OSTEOCHONDRITE VERTEB  JUV    SACRUM  COCCYX
M42.09;OSTEOCHONDRITE VERTEB  JUV    LOC  VERTEB  SAI
M42.1;OSTEOCHONDRITE VERTEB  DE L ADULTE
M42.10;OSTEOCHONDRITE VERTEB  DE L ADULTE   LOC  VERTEB  MULT 
M42.11;OSTEOCHONDRITE VERTEB  DE L ADULTE   OCC   ATLAS  AXIS
M42.12;OSTEOCHONDRITE VERTEB  DE L ADULTE   CERVICALE
M42.13;OSTEOCHONDRITE VERTEB  DE L ADULTE   CERV  DORS 
M42.14;OSTEOCHONDRITE VERTEB  DE L ADULTE   DORSALE
M42.15;OSTEOCHONDRITE VERTEB  DE L ADULTE   DORS  LOMB 
M42.16;OSTEOCHONDRITE VERTEB  DE L ADULTE   LOMBAIRE
M42.17;OSTEOCHONDRITE VERTEB  DE L ADULTE   LOMBO SACREE
M42.18;OSTEOCHONDRITE VERTEB  DE L ADULTE   SACRUM  COCCYX
M42.19;OSTEOCHONDRITE VERTEB  DE L ADULTE   LOC  VERTEB  SAI
M42.9;OSTEOCHONDRITE VERTEB   SAI
M42.90;OSTEOCHONDRITE VERTEB   SAI   LOC  VERTEB  MULT 
M42.91;OSTEOCHONDRITE VERTEB   SAI   OCC   ATLAS  AXIS
M42.92;OSTEOCHONDRITE VERTEB   SAI   CERVICALE
M42.93;OSTEOCHONDRITE VERTEB   SAI   CERV  DORS 
M42.94;OSTEOCHONDRITE VERTEB   SAI   DORSALE
M42.95;OSTEOCHONDRITE VERTEB   SAI   DORS  LOMB 
M42.96;OSTEOCHONDRITE VERTEB   SAI   LOMBAIRE
M42.97;OSTEOCHONDRITE VERTEB   SAI   LOMBO SACREE
M42.98;OSTEOCHONDRITE VERTEB   SAI   SACRUM  COCCYX
M42.99;OSTEOCHONDRITE VERTEB   SAI   LOC  VERTEB  SAI
M43.0;SPONDYLOLYSE
M43.00;SPONDYLOLYSE   LOC  VERTEB  MULT 
M43.01;SPONDYLOLYSE   OCC   ATLAS  AXIS
M43.02;SPONDYLOLYSE   CERVICALE
M43.03;SPONDYLOLYSE   CERV  DORS 
M43.04;SPONDYLOLYSE   DORSALE
M43.05;SPONDYLOLYSE   DORS  LOMB 
M43.06;SPONDYLOLYSE   LOMBAIRE
M43.07;SPONDYLOLYSE   LOMBO SACREE
M43.08;SPONDYLOLYSE   SACRUM  COCCYX
M43.09;SPONDYLOLYSE   LOC  VERTEB  SAI
M43.1;SPONDYLOLISTHESIS
M43.10;SPONDYLOLISTHESIS   LOC  VERTEB  MULT 
M43.11;SPONDYLOLISTHESIS   OCC   ATLAS  AXIS
M43.12;SPONDYLOLISTHESIS   CERVICALE
M43.13;SPONDYLOLISTHESIS   CERV  DORS 
M43.14;SPONDYLOLISTHESIS   DORSALE
M43.15;SPONDYLOLISTHESIS   DORS  LOMB 
M43.16;SPONDYLOLISTHESIS   LOMBAIRE
M43.17;SPONDYLOLISTHESIS   LOMBO SACREE
M43.19;SPONDYLOLISTHESIS   LOC  VERTEB  SAI
M43.2;SOUDURES VERTEB   NCA
M43.20;SOUDURES VERTEB   NCA   LOC  VERTEB  MULT 
M43.21;SOUDURES VERTEB   NCA   OCC   ATLAS  AXIS
M43.22;SOUDURES VERTEB   NCA   CERVICALE
M43.23;SOUDURES VERTEB   NCA   CERV  DORS 
M43.24;SOUDURES VERTEB   NCA   DORSALE
M43.25;SOUDURES VERTEB   NCA   DORS  LOMB 
M43.26;SOUDURES VERTEB   NCA   LOMBAIRE
M43.27;SOUDURES VERTEB   NCA   LOMBO SACREE
M43.29;SOUDURES VERTEB   NCA   LOC  VERTEB  SAI
M43.3;SUBLUX  RECIDIV  ATLOIDO AXOID  AVEC MYELOPATHIE
M43.31;SUBLUX  RECIDIV  ATLOIDO AXOID  AVEC MYELOPATHIE   OCC   ATLAS  AXIS
M43.4;SUBLUX  ATLOIDO AXOIDIENNES RECIDIVANTES  NCA
M43.41;SUBLUX  ATLOIDO AXOIDIENNES RECIDIVANTES  NCA   OCC   ATLAS  AXIS
M43.5;SUBLUX  VERTEB  RECIDIVANTES  NCA
M43.50;SUBLUX  VERTEB  RECIDIVANTES  NCA   LOC  VERTEB  MULT 
M43.52;SUBLUX  VERTEB  RECIDIVANTES  NCA   CERVICALE
M43.53;SUBLUX  VERTEB  RECIDIVANTES  NCA   CERV  DORS 
M43.54;SUBLUX  VERTEB  RECIDIVANTES  NCA   DORSALE
M43.55;SUBLUX  VERTEB  RECIDIVANTES  NCA   DORS  LOMB 
M43.56;SUBLUX  VERTEB  RECIDIVANTES  NCA   LOMBAIRE
M43.57;SUBLUX  VERTEB  RECIDIVANTES  NCA   LOMBO SACREE
M43.59;SUBLUX  VERTEB  RECIDIVANTES  NCA   LOC  VERTEB  SAI
M43.6;TORTICOLIS
M43.62;TORTICOLIS   CERVICALE
M43.8;DORSOPATHIES AVEC DEFORM  PREC   NCA
M43.80;DORSOPATHIES AVEC DEFORM  PREC   NCA   LOC  VERTEB  MULT 
M43.81;DORSOPATHIES AVEC DEFORM  PREC   NCA   OCC   ATLAS  AXIS
M43.82;DORSOPATHIES AVEC DEFORM  PREC   NCA   CERVICALE
M43.83;DORSOPATHIES AVEC DEFORM  PREC   NCA   CERV  DORS 
M43.84;DORSOPATHIES AVEC DEFORM  PREC   NCA   DORSALE
M43.85;DORSOPATHIES AVEC DEFORM  PREC   NCA   DORS  LOMB 
M43.86;DORSOPATHIES AVEC DEFORM  PREC   NCA   LOMBAIRE
M43.87;DORSOPATHIES AVEC DEFORM  PREC   NCA   LOMBO SACREE
M43.88;DORSOPATHIES AVEC DEFORM  PREC   NCA   SACRUM  COCCYX
M43.89;DORSOPATHIES AVEC DEFORM  PREC   NCA   LOC  VERTEB  SAI
M43.9;DORSOPATHIE AVEC DEFORM   SAI
M43.90;DORSOPATHIE AVEC DEFORM   SAI   LOC  VERTEB  MULT 
M43.91;DORSOPATHIE AVEC DEFORM   SAI   OCC   ATLAS  AXIS
M43.92;DORSOPATHIE AVEC DEFORM   SAI   CERVICALE
M43.93;DORSOPATHIE AVEC DEFORM   SAI   CERV  DORS 
M43.94;DORSOPATHIE AVEC DEFORM   SAI   DORSALE
M43.95;DORSOPATHIE AVEC DEFORM   SAI   DORS  LOMB 
M43.96;DORSOPATHIE AVEC DEFORM   SAI   LOMBAIRE
M43.97;DORSOPATHIE AVEC DEFORM   SAI   LOMBO SACREE
M43.98;DORSOPATHIE AVEC DEFORM   SAI   SACRUM  COCCYX
M43.99;DORSOPATHIE AVEC DEFORM   SAI   LOC  VERTEB  SAI
M45;SPONDYLARTHRITE ANKYLOSANTE
M45.+0;SPONDYLARTHRITE ANKYLOSANTE   LOC  VERTEB  MULT 
M45.+1;SPONDYLARTHRITE ANKYLOSANTE   OCC   ATLAS  AXIS
M45.+2;SPONDYLARTHRITE ANKYLOSANTE   CERVICALE
M45.+3;SPONDYLARTHRITE ANKYLOSANTE   CERV  DORS 
M45.+4;SPONDYLARTHRITE ANKYLOSANTE   DORSALE
M45.+5;SPONDYLARTHRITE ANKYLOSANTE   DORS  LOMB 
M45.+6;SPONDYLARTHRITE ANKYLOSANTE   LOMBAIRE
M45.+7;SPONDYLARTHRITE ANKYLOSANTE   LOMBO SACREE
M45.+8;SPONDYLARTHRITE ANKYLOSANTE   SACRUM  COCCYX
M45.+9;SPONDYLARTHRITE ANKYLOSANTE   LOC  VERTEB  SAI
M46.0;ENTHESOPATHIE SPINALE
M46.00;ENTHESOPATHIE SPINALE   LOC  VERTEB  MULT 
M46.01;ENTHESOPATHIE SPINALE   OCC   ATLAS  AXIS
M46.02;ENTHESOPATHIE SPINALE   CERVICALE
M46.03;ENTHESOPATHIE SPINALE   CERV  DORS 
M46.04;ENTHESOPATHIE SPINALE   DORSALE
M46.05;ENTHESOPATHIE SPINALE   DORS  LOMB 
M46.06;ENTHESOPATHIE SPINALE   LOMBAIRE
M46.07;ENTHESOPATHIE SPINALE   LOMBO SACREE
M46.08;ENTHESOPATHIE SPINALE   SACRUM  COCCYX
M46.09;ENTHESOPATHIE SPINALE   LOC  VERTEB  SAI
M46.1;SACRO ILIITE  NCA
M46.18;SACRO ILIITE  NCA SACRUM  COCCYX
M46.2;OSTEOMYELITE VERTEB 
M46.20;OSTEOMYELITE VERTEB    LOC  VERTEB  MULT 
M46.21;OSTEOMYELITE VERTEB    OCC   ATLAS  AXIS
M46.22;OSTEOMYELITE VERTEB    CERVICALE
M46.23;OSTEOMYELITE VERTEB    CERV  DORS 
M46.24;OSTEOMYELITE VERTEB    DORSALE
M46.25;OSTEOMYELITE VERTEB    DORS  LOMB 
M46.26;OSTEOMYELITE VERTEB    LOMBAIRE
M46.27;OSTEOMYELITE VERTEB    LOMBO SACREE
M46.28;OSTEOMYELITE VERTEB    SACRUM  COCCYX
M46.29;OSTEOMYELITE VERTEB    LOC  VERTEB  SAI
M46.3;INFECT  D UN DISQUE INTERVERTEB 
M46.30;INFECT  D UN DISQUE INTERVERTEB    LOC  VERTEB  MULT 
M46.32;INFECT  D UN DISQUE INTERVERTEB    CERVICALE
M46.33;INFECT  D UN DISQUE INTERVERTEB    CERV  DORS 
M46.34;INFECT  D UN DISQUE INTERVERTEB    DORSALE
M46.35;INFECT  D UN DISQUE INTERVERTEB    DORS  LOMB 
M46.36;INFECT  D UN DISQUE INTERVERTEB    LOMBAIRE
M46.37;INFECT  D UN DISQUE INTERVERTEB    LOMBO SACREE
M46.39;INFECT  D UN DISQUE INTERVERTEB    LOC  VERTEB  SAI
M46.4;DISCITE  SAI
M46.40;DISCITE  SAI   LOC  VERTEB  MULT 
M46.42;DISCITE  SAI   CERVICALE
M46.43;DISCITE  SAI   CERV  DORS 
M46.44;DISCITE  SAI   DORSALE
M46.45;DISCITE  SAI   DORS  LOMB 
M46.46;DISCITE  SAI   LOMBAIRE
M46.47;DISCITE  SAI   LOMBO SACREE
M46.49;DISCITE  SAI   LOC  VERTEB  SAI
M46.5;SPONDYLOPATHIES INFECT   NCA
M46.50;SPONDYLOPATHIES INFECT   NCA   LOC  VERTEB  MULT 
M46.51;SPONDYLOPATHIES INFECT   NCA   OCC   ATLAS  AXIS
M46.52;SPONDYLOPATHIES INFECT   NCA   CERVICALE
M46.53;SPONDYLOPATHIES INFECT   NCA   CERV  DORS 
M46.54;SPONDYLOPATHIES INFECT   NCA   DORSALE
M46.55;SPONDYLOPATHIES INFECT   NCA   DORS  LOMB 
M46.56;SPONDYLOPATHIES INFECT   NCA   LOMBAIRE
M46.57;SPONDYLOPATHIES INFECT   NCA   LOMBO SACREE
M46.58;SPONDYLOPATHIES INFECT   NCA   SACRUM  COCCYX
M46.59;SPONDYLOPATHIES INFECT   NCA   LOC  VERTEB  SAI
M46.8;SPONDYLOPATHIES INFL  PREC   NCA
M46.80;SPONDYLOPATHIES INFL  PREC   NCA   LOC  VERTEB  MULT 
M46.81;SPONDYLOPATHIES INFL  PREC   NCA   OCC   ATLAS  AXIS
M46.82;SPONDYLOPATHIES INFL  PREC   NCA   CERVICALE
M46.83;SPONDYLOPATHIES INFL  PREC   NCA   CERV  DORS 
M46.84;SPONDYLOPATHIES INFL  PREC   NCA   DORSALE
M46.85;SPONDYLOPATHIES INFL  PREC   NCA   DORS  LOMB 
M46.86;SPONDYLOPATHIES INFL  PREC   NCA   LOMBAIRE
M46.87;SPONDYLOPATHIES INFL  PREC   NCA   LOMBO SACREE
M46.88;SPONDYLOPATHIES INFL  PREC   NCA   SACRUM  COCCYX
M46.89;SPONDYLOPATHIES INFL  PREC   NCA   LOC  VERTEB  SAI
M46.9;SPONDYLOPATHIE INFL   SAI
M46.90;SPONDYLOPATHIE INFL   SAI   LOC  VERTEB  MULT 
M46.91;SPONDYLOPATHIE INFL   SAI   OCC   ATLAS  AXIS
M46.92;SPONDYLOPATHIE INFL   SAI   CERVICALE
M46.93;SPONDYLOPATHIE INFL   SAI   CERV  DORS 
M46.94;SPONDYLOPATHIE INFL   SAI   DORSALE
M46.95;SPONDYLOPATHIE INFL   SAI   DORS  LOMB 
M46.96;SPONDYLOPATHIE INFL   SAI   LOMBAIRE
M46.97;SPONDYLOPATHIE INFL   SAI   LOMBO SACREE
M46.98;SPONDYLOPATHIE INFL   SAI   SACRUM  COCCYX
M46.99;SPONDYLOPATHIE INFL   SAI   LOC  VERTEB  SAI
M47.0;SYND  DE COMPRESS  DES ART  VERTEB  ET SPINALE ANT 
M47.00;SYND  DE COMPRESS  ART  VERTEB  ET SPINALE ANT    LOC  VERTEB  MULT 
M47.01;SYND  DE COMPRESS  ART  VERTEB  ET SPINALE ANT    OCC   ATLAS  AXIS
M47.02;SYND  DE COMPRESS  ART  VERTEB  ET SPINALE ANT    CERVICALE
M47.03;SYND  DE COMPRESS  ART  VERTEB  ET SPINALE ANT    CERV  DORS 
M47.04;SYND  DE COMPRESS  ART  VERTEB  ET SPINALE ANT    DORSALE
M47.05;SYND  DE COMPRESS  ART  VERTEB  ET SPINALE ANT    DORS  LOMB 
M47.06;SYND  DE COMPRESS  ART  VERTEB  ET SPINALE ANT    LOMBAIRE
M47.09;SYND  DE COMPRESS  ART  VERTEB  ET SPINALE ANT    LOC  VERTEB  SAI
M47.1;SPONDYLARTHROSES AVEC MYELOPATHIE  NCA
M47.10;SPONDYLARTHROSES AVEC MYELOPATHIE  NCA   LOC  VERTEB  MULT 
M47.11;SPONDYLARTHROSES AVEC MYELOPATHIE  NCA   OCC   ATLAS  AXIS
M47.12;SPONDYLARTHROSES AVEC MYELOPATHIE  NCA   CERVICALE
M47.13;SPONDYLARTHROSES AVEC MYELOPATHIE  NCA   CERV  DORS 
M47.14;SPONDYLARTHROSES AVEC MYELOPATHIE  NCA   DORSALE
M47.15;SPONDYLARTHROSES AVEC MYELOPATHIE  NCA   DORS  LOMB 
M47.16;SPONDYLARTHROSES AVEC MYELOPATHIE  NCA   LOMBAIRE
M47.19;SPONDYLARTHROSES AVEC MYELOPATHIE  NCA   LOC  VERTEB  SAI
M47.2;SPONDYLARTHROSES AVEC RADICULOPATHIE  NCA
M47.20;SPONDYLARTHROSES AVEC RADICULOPATHIE  NCA   LOC  VERTEB  MULT 
M47.21;SPONDYLARTHROSES AVEC RADICULOPATHIE  NCA   OCC   ATLAS  AXIS
M47.22;SPONDYLARTHROSES AVEC RADICULOPATHIE  NCA   CERVICALE
M47.23;SPONDYLARTHROSES AVEC RADICULOPATHIE  NCA   CERV  DORS 
M47.24;SPONDYLARTHROSES AVEC RADICULOPATHIE  NCA   DORSALE
M47.25;SPONDYLARTHROSES AVEC RADICULOPATHIE  NCA   DORS  LOMB 
M47.26;SPONDYLARTHROSES AVEC RADICULOPATHIE  NCA   LOMBAIRE
M47.27;SPONDYLARTHROSES AVEC RADICULOPATHIE  NCA   LOMBO SACREE
M47.28;SPONDYLARTHROSES AVEC RADICULOPATHIE  NCA   SACRUM  COCCYX
M47.29;SPONDYLARTHROSES AVEC RADICULOPATHIE  NCA   LOC  VERTEB  SAI
M47.8;SPONDYLARTHROSES  NCA
M47.80;SPONDYLARTHROSES  NCA   LOC  VERTEB  MULT 
M47.81;SPONDYLARTHROSES  NCA   OCC   ATLAS  AXIS
M47.82;SPONDYLARTHROSES  NCA   CERVICALE
M47.83;SPONDYLARTHROSES  NCA   CERV  DORS 
M47.84;SPONDYLARTHROSES  NCA   DORSALE
M47.85;SPONDYLARTHROSES  NCA   DORS  LOMB 
M47.86;SPONDYLARTHROSES  NCA   LOMBAIRE
M47.87;SPONDYLARTHROSES  NCA   LOMBO SACREE
M47.88;SPONDYLARTHROSES  NCA   SACRUM  COCCYX
M47.89;SPONDYLARTHROSES  NCA   LOC  VERTEB  SAI
M47.9;SPONDYLARTHROSE  SAI
M47.90;SPONDYLARTHROSE  SAI   LOC  VERTEB  MULT 
M47.91;SPONDYLARTHROSE  SAI   OCC   ATLAS  AXIS
M47.92;SPONDYLARTHROSE  SAI   CERVICALE
M47.93;SPONDYLARTHROSE  SAI   CERV  DORS 
M47.94;SPONDYLARTHROSE  SAI   DORSALE
M47.95;SPONDYLARTHROSE  SAI   DORS  LOMB 
M47.96;SPONDYLARTHROSE  SAI   LOMBAIRE
M47.97;SPONDYLARTHROSE  SAI   LOMBO SACREE
M47.98;SPONDYLARTHROSE  SAI   SACRUM  COCCYX
M47.99;SPONDYLARTHROSE  SAI   LOC  VERTEB  SAI
M48.0;RETREC  DU CANAL MEDULLAIRE
M48.00;RETREC  DU CANAL MEDULLAIRE   LOC  VERTEB  MULT 
M48.01;RETREC  DU CANAL MEDULLAIRE   OCC   ATLAS  AXIS
M48.02;RETREC  DU CANAL MEDULLAIRE   CERVICALE
M48.03;RETREC  DU CANAL MEDULLAIRE   CERV  DORS 
M48.04;RETREC  DU CANAL MEDULLAIRE   DORSALE
M48.05;RETREC  DU CANAL MEDULLAIRE   DORS  LOMB 
M48.06;RETREC  DU CANAL MEDULLAIRE   LOMBAIRE
M48.07;RETREC  DU CANAL MEDULLAIRE   LOMBO SACREE
M48.08;RETREC  DU CANAL MEDULLAIRE   SACRUM  COCCYX
M48.09;RETREC  DU CANAL MEDULLAIRE   LOC  VERTEB  SAI
M48.1;HYPEROSTOSE ANKYLOSANTE
M48.10;HYPEROSTOSE ANKYLOSANTE   LOC  VERTEB  MULT 
M48.11;HYPEROSTOSE ANKYLOSANTE   OCC   ATLAS  AXIS
M48.12;HYPEROSTOSE ANKYLOSANTE   CERVICALE
M48.13;HYPEROSTOSE ANKYLOSANTE   CERV  DORS 
M48.14;HYPEROSTOSE ANKYLOSANTE   DORSALE
M48.15;HYPEROSTOSE ANKYLOSANTE   DORS  LOMB 
M48.16;HYPEROSTOSE ANKYLOSANTE   LOMBAIRE
M48.17;HYPEROSTOSE ANKYLOSANTE   LOMBO SACREE
M48.18;HYPEROSTOSE ANKYLOSANTE   SACRUM  COCCYX
M48.19;HYPEROSTOSE ANKYLOSANTE   LOC  VERTEB  SAI
M48.2;ARTHROSE INTEREPINEUSE
M48.20;ARTHROSE INTEREPINEUSE   LOC  VERTEB  MULT 
M48.21;ARTHROSE INTEREPINEUSE   OCC   ATLAS  AXIS
M48.22;ARTHROSE INTEREPINEUSE   CERVICALE
M48.23;ARTHROSE INTEREPINEUSE   CERV  DORS 
M48.24;ARTHROSE INTEREPINEUSE   DORSALE
M48.25;ARTHROSE INTEREPINEUSE   DORS  LOMB 
M48.26;ARTHROSE INTEREPINEUSE   LOMBAIRE
M48.27;ARTHROSE INTEREPINEUSE   LOMBO SACREE
M48.29;ARTHROSE INTEREPINEUSE   LOC  VERTEB  SAI
M48.3;SPONDYLOPATHIE TRAUMA 
M48.30;SPONDYLOPATHIE TRAUMA    LOC  VERTEB  MULT 
M48.31;SPONDYLOPATHIE TRAUMA    OCC   ATLAS  AXIS
M48.32;SPONDYLOPATHIE TRAUMA    CERVICALE
M48.33;SPONDYLOPATHIE TRAUMA    CERV  DORS 
M48.34;SPONDYLOPATHIE TRAUMA    DORSALE
M48.35;SPONDYLOPATHIE TRAUMA    DORS  LOMB 
M48.36;SPONDYLOPATHIE TRAUMA    LOMBAIRE
M48.37;SPONDYLOPATHIE TRAUMA    LOMBO SACREE
M48.38;SPONDYLOPATHIE TRAUMA    SACRUM  COCCYX
M48.39;SPONDYLOPATHIE TRAUMA    LOC  VERTEB  SAI
M48.4;FRAC  VERTEB  DE FATIGUE
M48.40;FRAC  VERTEB  DE FATIGUE   LOC  VERTEB  MULT 
M48.41;FRAC  VERTEB  DE FATIGUE   OCC   ATLAS  AXIS
M48.42;FRAC  VERTEB  DE FATIGUE   CERVICALE
M48.43;FRAC  VERTEB  DE FATIGUE   CERV  DORS 
M48.44;FRAC  VERTEB  DE FATIGUE   DORSALE
M48.45;FRAC  VERTEB  DE FATIGUE   DORS  LOMB 
M48.46;FRAC  VERTEB  DE FATIGUE   LOMBAIRE
M48.47;FRAC  VERTEB  DE FATIGUE   LOMBO SACREE
M48.48;FRAC  VERTEB  DE FATIGUE   SACRUM  COCCYX
M48.49;FRAC  VERTEB  DE FATIGUE   LOC  VERTEB  SAI
M48.5;TASSEMENT VERTEB   NCA
M48.50;TASSEMENT VERTEB   NCA   LOC  VERTEB  MULT 
M48.51;TASSEMENT VERTEB   NCA   OCC   ATLAS  AXIS
M48.52;TASSEMENT VERTEB   NCA   CERVICALE
M48.53;TASSEMENT VERTEB   NCA   CERV  DORS 
M48.54;TASSEMENT VERTEB   NCA   DORSALE
M48.55;TASSEMENT VERTEB   NCA   DORS  LOMB 
M48.56;TASSEMENT VERTEB   NCA   LOMBAIRE
M48.57;TASSEMENT VERTEB   NCA   LOMBO SACREE
M48.58;TASSEMENT VERTEB   NCA   SACRUM  COCCYX
M48.59;TASSEMENT VERTEB   NCA   LOC  VERTEB  SAI
M48.8;SPONDYLOPATHIES PREC   NCA
M48.80;SPONDYLOPATHIES PREC   NCA   LOC  VERTEB  MULT 
M48.81;SPONDYLOPATHIES PREC   NCA   OCC   ATLAS  AXIS
M48.82;SPONDYLOPATHIES PREC   NCA   CERVICALE
M48.83;SPONDYLOPATHIES PREC   NCA   CERV  DORS 
M48.84;SPONDYLOPATHIES PREC   NCA   DORSALE
M48.85;SPONDYLOPATHIES PREC   NCA   DORS  LOMB 
M48.86;SPONDYLOPATHIES PREC   NCA   LOMBAIRE
M48.87;SPONDYLOPATHIES PREC   NCA   LOMBO SACREE
M48.88;SPONDYLOPATHIES PREC   NCA   SACRUM  COCCYX
M48.89;SPONDYLOPATHIES PREC   NCA   LOC  VERTEB  SAI
M48.9;SPONDYLOPATHIE  SAI
M48.90;SPONDYLOPATHIE  SAI   LOC  VERTEB  MULT 
M48.91;SPONDYLOPATHIE  SAI   OCC   ATLAS  AXIS
M48.92;SPONDYLOPATHIE  SAI   CERVICALE
M48.93;SPONDYLOPATHIE  SAI   CERV  DORS 
M48.94;SPONDYLOPATHIE  SAI   DORSALE
M48.95;SPONDYLOPATHIE  SAI   DORS  LOMB 
M48.96;SPONDYLOPATHIE  SAI   LOMBAIRE
M48.97;SPONDYLOPATHIE  SAI   LOMBO SACREE
M48.98;SPONDYLOPATHIE  SAI   SACRUM  COCCYX
M48.99;SPONDYLOPATHIE  SAI   LOC  VERTEB  SAI
M49.0;TUBERC  VERTEB 
M49.00;TUBERC  VERTEB    LOC  VERTEB  MULT 
M49.01;TUBERC  VERTEB    OCC   ATLAS  AXIS
M49.02;TUBERC  VERTEB    CERVICALE
M49.03;TUBERC  VERTEB    CERV  DORS 
M49.04;TUBERC  VERTEB    DORSALE
M49.05;TUBERC  VERTEB    DORS  LOMB 
M49.06;TUBERC  VERTEB    LOMBAIRE
M49.07;TUBERC  VERTEB    LOMBO SACREE
M49.08;TUBERC  VERTEB    SACRUM  COCCYX
M49.09;TUBERC  VERTEB    LOC  VERTEB  SAI
M49.1;SPONDYLITE AVEC BRUCELLOSE
M49.10;SPONDYLITE AVEC BRUCELLOSE   LOC  VERTEB  MULT 
M49.11;SPONDYLITE AVEC BRUCELLOSE   OCC   ATLAS  AXIS
M49.12;SPONDYLITE AVEC BRUCELLOSE   CERVICALE
M49.13;SPONDYLITE AVEC BRUCELLOSE   CERV  DORS 
M49.14;SPONDYLITE AVEC BRUCELLOSE   DORSALE
M49.15;SPONDYLITE AVEC BRUCELLOSE   DORS  LOMB 
M49.16;SPONDYLITE AVEC BRUCELLOSE   LOMBAIRE
M49.17;SPONDYLITE AVEC BRUCELLOSE   LOMBO SACREE
M49.18;SPONDYLITE AVEC BRUCELLOSE   SACRUM  COCCYX
M49.19;SPONDYLITE AVEC BRUCELLOSE   LOC  VERTEB  SAI
M49.2;SPONDYLITE ENTEROBACTERIENNE
M49.20;SPONDYLITE ENTEROBACTERIENNE   LOC  VERTEB  MULT 
M49.21;SPONDYLITE ENTEROBACTERIENNE   OCC   ATLAS  AXIS
M49.22;SPONDYLITE ENTEROBACTERIENNE   CERVICALE
M49.23;SPONDYLITE ENTEROBACTERIENNE   CERV  DORS 
M49.24;SPONDYLITE ENTEROBACTERIENNE   DORSALE
M49.25;SPONDYLITE ENTEROBACTERIENNE   DORS  LOMB 
M49.26;SPONDYLITE ENTEROBACTERIENNE   LOMBAIRE
M49.27;SPONDYLITE ENTEROBACTERIENNE   LOMBO SACREE
M49.28;SPONDYLITE ENTEROBACTERIENNE   SACRUM  COCCYX
M49.29;SPONDYLITE ENTEROBACTERIENNE   LOC  VERTEB  SAI
M49.3;SPONDYLOPATHIE AV  AUT  MAL  INF   PARAS  CL  AILL 
M49.30;SPONDYLOPATHIE AV  AUT  MAL  INF   PARAS  CL  AILL    LOC  MULT 
M49.31;SPONDYLOPATHIE AV  AUT  MAL  INF   PARAS  CL  AILL    OCC   ATLAS
M49.32;SPONDYLOPATHIE AV  AUT  MAL  INF   PARAS  CL  AILL    CERVICALE
M49.33;SPONDYLOPATHIE AV  AUT  MAL  INF   PARAS  CL  AILL    CERV  DORS 
M49.34;SPONDYLOPATHIE AV  AUT  MAL  INF   PARAS  CL  AILL    DORSALE
M49.35;SPONDYLOPATHIE AV  AUT  MAL  INF   PARAS  CL  AILL    DORS  LOMB 
M49.36;SPONDYLOPATHIE AV  AUT  MAL  INF   PARAS  CL  AILL    LOMBAIRE
M49.37;SPONDYLOPATHIE AV  AUT  MAL  INF   PARAS  CL  AILL    LOMBO SACREE
M49.38;SPONDYLOPATHIE AV  AUT  MAL  INF   PARAS  CL  AILL    SACRUM  COCCYX
M49.39;SPONDYLOPATHIE AV  AUT  MAL  INF   PARAS  CL  AILL    LOC  VERTEB  SAI
M49.4;SPONDYLOPATHIE NEURO 
M49.40;SPONDYLOPATHIE NEURO    LOC  VERTEB  MULT 
M49.41;SPONDYLOPATHIE NEURO    OCC   ATLAS  AXIS
M49.42;SPONDYLOPATHIE NEURO    CERVICALE
M49.43;SPONDYLOPATHIE NEURO    CERV  DORS 
M49.44;SPONDYLOPATHIE NEURO    DORSALE
M49.45;SPONDYLOPATHIE NEURO    DORS  LOMB 
M49.46;SPONDYLOPATHIE NEURO    LOMBAIRE
M49.47;SPONDYLOPATHIE NEURO    LOMBO SACREE
M49.48;SPONDYLOPATHIE NEURO    SACRUM  COCCYX
M49.49;SPONDYLOPATHIE NEURO    LOC  VERTEB  SAI
M49.5;TASSEMENT VERTEB  AVEC MAL  CL  AILL 
M49.50;TASSEMENT VERTEB  AVEC MAL  CL  AILL    LOC  VERTEB  MULT 
M49.51;TASSEMENT VERTEB  AVEC MAL  CL  AILL    OCC   ATLAS  AXIS
M49.52;TASSEMENT VERTEB  AVEC MAL  CL  AILL    CERVICALE
M49.53;TASSEMENT VERTEB  AVEC MAL  CL  AILL    CERV  DORS 
M49.54;TASSEMENT VERTEB  AVEC MAL  CL  AILL    DORSALE
M49.55;TASSEMENT VERTEB  AVEC MAL  CL  AILL    DORS  LOMB 
M49.56;TASSEMENT VERTEB  AVEC MAL  CL  AILL    LOMBAIRE
M49.57;TASSEMENT VERTEB  AVEC MAL  CL  AILL    LOMBO SACREE
M49.58;TASSEMENT VERTEB  AVEC MAL  CL  AILL    SACRUM  COCCYX
M49.59;TASSEMENT VERTEB  AVEC MAL  CL  AILL    LOC  VERTEB  SAI
M49.8;SPONDYLOPATHIE AVEC AUTRES MAL  CL  AILL 
M49.80;SPONDYLOPATHIE AVEC AUTRES MAL  CL  AILL    LOC  VERTEB  MULT 
M49.81;SPONDYLOPATHIE AVEC AUTRES MAL  CL  AILL    OCC   ATLAS  AXIS
M49.82;SPONDYLOPATHIE AVEC AUTRES MAL  CL  AILL    CERVICALE
M49.83;SPONDYLOPATHIE AVEC AUTRES MAL  CL  AILL    CERV  DORS 
M49.84;SPONDYLOPATHIE AVEC AUTRES MAL  CL  AILL    DORSALE
M49.85;SPONDYLOPATHIE AVEC AUTRES MAL  CL  AILL    DORS  LOMB 
M49.86;SPONDYLOPATHIE AVEC AUTRES MAL  CL  AILL    LOMBAIRE
M49.87;SPONDYLOPATHIE AVEC AUTRES MAL  CL  AILL    LOMBO SACREE
M49.88;SPONDYLOPATHIE AVEC AUTRES MAL  CL  AILL    SACRUM  COCCYX
M49.89;SPONDYLOPATHIE AVEC AUTRES MAL  CL  AILL    LOC  VERTEB  SAI
M50.0;ATTEINTE D UN DISQUE CERV  AVEC MYELOPATHIE
M50.1;ATTEINTE D UN DISQUE CERV  AVEC RADICULOPATHIE
M50.2;AUTRE HERNIE D UN DISQUE CERV 
M50.3;AUTRE DETERIORATION D UN DISQUE CERV 
M50.8;ATTEINTES D UN DISQUE CERV   NCA
M50.9;ATTEINTE D UN DISQUE CERV   SAI
M51.0;ATTEINTES D UN DISQUE LOMB  ET AUTRES DISQUES AVEC MYELOPATHIE
M51.1;ATTEINTES D UN DISQUE LOMB  ET AUTRES DISQUES AVEC RADICULOPATHIE
M51.2;HERNIE D UN AUTRE DISQUE INTERVERTEB  PREC 
M51.3;DETERIORATION D UN AUTRE DISQUE INTERVERTEB  PREC 
M51.4;NODULES DE SCHMORL
M51.8;ATTEINTES PREC  D UN DISQUE INTERVERTEB   NCA
M51.9;ATTEINTE D UN DISQUE INTERVERTEB   SAI
M53.2;INSTABILITES VERTEB 
M53.20;INSTABILITES VERTEB    LOC  VERTEB  MULT 
M53.21;INSTABILITES VERTEB    OCC   ATLAS  AXIS
M53.22;INSTABILITES VERTEB    CERVICALE
M53.23;INSTABILITES VERTEB    CERV  DORS 
M53.24;INSTABILITES VERTEB    DORSALE
M53.25;INSTABILITES VERTEB    DORS  LOMB 
M53.26;INSTABILITES VERTEB    LOMBAIRE
M53.27;INSTABILITES VERTEB    LOMBO SACREE
M53.28;INSTABILITES VERTEB    SACRUM  COCCYX
M53.29;INSTABILITES VERTEB    LOC  VERTEB  SAI
M53.3;ATTEINTES SACRO COCCYGIENNES  NCA
M53.38;ATTEINTES SACRO COCCYGIENNES  NCA   SACRUM  COCCYX
M53.8;DORSOPATHIES PREC   NCA
M53.80;DORSOPATHIES PREC   NCA   LOC  VERTEB  MULT 
M53.81;DORSOPATHIES PREC   NCA   OCC   ATLAS  AXIS
M53.82;DORSOPATHIES PREC   NCA   CERVICALE
M53.83;DORSOPATHIES PREC   NCA   CERV  DORS 
M53.84;DORSOPATHIES PREC   NCA   DORSALE
M53.85;DORSOPATHIES PREC   NCA   DORS  LOMB 
M53.86;DORSOPATHIES PREC   NCA   LOMBAIRE
M53.87;DORSOPATHIES PREC   NCA   LOMBO SACREE
M53.88;DORSOPATHIES PREC   NCA   SACRUM  COCCYX
M53.89;DORSOPATHIES PREC   NCA   LOC  VERTEB  SAI
M53.9;DORSOPATHIE  SAI
M53.90;DORSOPATHIE  SAI   LOC  VERTEB  MULT 
M53.91;DORSOPATHIE  SAI   OCC   ATLAS  AXIS
M53.92;DORSOPATHIE  SAI   CERVICALE
M53.93;DORSOPATHIE  SAI   CERV  DORS 
M53.94;DORSOPATHIE  SAI   DORSALE
M53.95;DORSOPATHIE  SAI   DORS  LOMB 
M53.96;DORSOPATHIE  SAI   LOMBAIRE
M53.97;DORSOPATHIE  SAI   LOMBO SACREE
M53.98;DORSOPATHIE  SAI   SACRUM  COCCYX
M53.99;DORSOPATHIE  SAI   LOC  VERTEB  SAI
M54.2;CERVICALGIE
M54.20;CERVICALGIE   LOC  VERTEB  MULT 
M54.21;CERVICALGIE   OCC   ATLAS  AXIS
M54.22;CERVICALGIE   CERVICALE
M54.23;CERVICALGIE   CERV  DORS 
M54.29;CERVICALGIE   LOC  VERTEB  SAI
M54.3;SCIATIQUE
M54.30;SCIATIQUE   LOC  VERTEB  MULT 
M54.36;SCIATIQUE   LOMBAIRE
M54.37;SCIATIQUE   LOMBO SACREE
M54.38;SCIATIQUE   SACRUM  COCCYX
M54.39;SCIATIQUE   LOC  VERTEB  SAI
M54.4;LUMBAGO AVEC SCIATIQUE
M54.40;LUMBAGO AVEC SCIATIQUE   LOC  VERTEB  MULT 
M54.46;LUMBAGO AVEC SCIATIQUE   LOMBAIRE
M54.47;LUMBAGO AVEC SCIATIQUE   LOMBO SACREE
M54.48;LUMBAGO AVEC SCIATIQUE   SACRUM  COCCYX
M54.49;LUMBAGO AVEC SCIATIQUE   LOC  VERTEB  SAI
M54.5;LOMBALGIE BASSE
M54.50;LOMBALGIE BASSE   LOC  VERTEB  MULT 
M54.56;LOMBALGIE BASSE   LOMBAIRE
M54.57;LOMBALGIE BASSE   LOMBO SACREE
M54.59;LOMBALGIE BASSE   LOC  VERTEB  SAI
M54.6;RACHIALGIES DORSALES
M54.60;RACHIALGIES DORSALES   LOC  VERTEB  MULT 
M54.63;RACHIALGIES DORSALES   CERV  DORS 
M54.64;RACHIALGIES DORSALES   DORSALE
M54.65;RACHIALGIES DORSALES   DORS  LOMB 
M54.69;RACHIALGIES DORSALES   LOC  VERTEB  SAI
M54.8;DORSALGIES  NCA
M54.80;DORSALGIES  NCA   LOC  VERTEB  MULT 
M54.81;DORSALGIES  NCA   OCC   ATLAS  AXIS
M54.82;DORSALGIES  NCA   CERVICALE
M54.83;DORSALGIES  NCA   CERV  DORS 
M54.84;DORSALGIES  NCA   DORSALE
M54.85;DORSALGIES  NCA   DORS  LOMB 
M54.86;DORSALGIES  NCA   LOMBAIRE
M54.87;DORSALGIES  NCA   LOMBO SACREE
M54.88;DORSALGIES  NCA   SACRUM  COCCYX
M54.89;DORSALGIES  NCA   LOC  VERTEB  SAI
M54.9;DORSALGIE  SAI
M54.99;DORSALGIE  SAI   LOC  VERTEB  SAI
M60.0;MYOSITE INFECT 
M60.00;MYOSITE INFECT    SIEGES MULT 
M60.01;MYOSITE INFECT    EPAULE
M60.02;MYOSITE INFECT    BRAS
M60.03;MYOSITE INFECT    AVANT BRAS
M60.04;MYOSITE INFECT    MAIN
M60.05;MYOSITE INFECT    BASSIN  CUISSE
M60.06;MYOSITE INFECT    JAMBE
M60.07;MYOSITE INFECT    CHEV   PIED
M60.08;MYOSITE INFECT    AUTRES LOC 
M60.09;MYOSITE INFECT    LOC  SAI
M60.1;MYOSITE INTERST 
M60.10;MYOSITE INTERST    SIEGES MULT 
M60.11;MYOSITE INTERST    EPAULE
M60.12;MYOSITE INTERST    BRAS
M60.13;MYOSITE INTERST    AVANT BRAS
M60.14;MYOSITE INTERST    MAIN
M60.15;MYOSITE INTERST    BASSIN  CUISSE
M60.16;MYOSITE INTERST    JAMBE
M60.17;MYOSITE INTERST    CHEV   PIED
M60.18;MYOSITE INTERST    AUTRES LOC 
M60.19;MYOSITE INTERST    LOC  SAI
M60.2;GRANULOME D UN TISSU MOU DU A PRES  D UN C E   NCA
M60.20;GRANULOME D UN TISSU MOU DU A PRES  D UN C E   NCA   SIEGES MULT 
M60.21;GRANULOME D UN TISSU MOU DU A PRES  D UN C E   NCA   EPAULE
M60.22;GRANULOME D UN TISSU MOU DU A PRES  D UN C E   NCA   BRAS
M60.23;GRANULOME D UN TISSU MOU DU A PRES  D UN C E   NCA   AVANT BRAS
M60.24;GRANULOME D UN TISSU MOU DU A PRES  D UN C E   NCA   MAIN
M60.25;GRANULOME D UN TISSU MOU DU A PRES  D UN C E   NCA   BASSIN  CUISSE
M60.26;GRANULOME D UN TISSU MOU DU A PRES  D UN C E   NCA   JAMBE
M60.27;GRANULOME D UN TISSU MOU DU A PRES  D UN C E   NCA   CHEV   PIED
M60.28;GRANULOME D UN TISSU MOU DU A PRES  D UN C E   NCA   AUTRES LOC 
M60.29;GRANULOME D UN TISSU MOU DU A PRES  D UN C E   NCA   LOC  SAI
M60.8;MYOSITES  NCA
M60.80;MYOSITES  NCA   SIEGES MULT 
M60.81;MYOSITES  NCA   EPAULE
M60.82;MYOSITES  NCA   BRAS
M60.83;MYOSITES  NCA   AVANT BRAS
M60.84;MYOSITES  NCA   MAIN
M60.85;MYOSITES  NCA   BASSIN  CUISSE
M60.86;MYOSITES  NCA   JAMBE
M60.87;MYOSITES  NCA   CHEV   PIED
M60.88;MYOSITES  NCA   AUTRES LOC 
M60.89;MYOSITES  NCA   LOC  SAI
M60.9;MYOSITE  SAI
M60.90;MYOSITE  SAI   SIEGES MULT 
M60.91;MYOSITE  SAI   EPAULE
M60.92;MYOSITE  SAI   BRAS
M60.93;MYOSITE  SAI   AVANT BRAS
M60.94;MYOSITE  SAI   MAIN
M60.95;MYOSITE  SAI   BASSIN  CUISSE
M60.96;MYOSITE  SAI   JAMBE
M60.97;MYOSITE  SAI   CHEV   PIED
M60.98;MYOSITE  SAI   AUTRES LOC 
M60.99;MYOSITE  SAI   LOC  SAI
M61.0;MYOSITE OSSIFIANTE TRAUMA 
M61.00;MYOSITE OSSIFIANTE TRAUMA    SIEGES MULT 
M61.01;MYOSITE OSSIFIANTE TRAUMA    EPAULE
M61.02;MYOSITE OSSIFIANTE TRAUMA    BRAS
M61.03;MYOSITE OSSIFIANTE TRAUMA    AVANT BRAS
M61.04;MYOSITE OSSIFIANTE TRAUMA    MAIN
M61.05;MYOSITE OSSIFIANTE TRAUMA    BASSIN  CUISSE
M61.06;MYOSITE OSSIFIANTE TRAUMA    JAMBE
M61.07;MYOSITE OSSIFIANTE TRAUMA    CHEV   PIED
M61.08;MYOSITE OSSIFIANTE TRAUMA    AUTRES LOC 
M61.09;MYOSITE OSSIFIANTE TRAUMA    LOC  SAI
M61.1;MYOSITE OSSIFIANTE PROGRESSIVE
M61.10;MYOSITE OSSIFIANTE PROGRESSIVE   SIEGES MULT 
M61.11;MYOSITE OSSIFIANTE PROGRESSIVE   EPAULE
M61.12;MYOSITE OSSIFIANTE PROGRESSIVE   BRAS
M61.13;MYOSITE OSSIFIANTE PROGRESSIVE   AVANT BRAS
M61.14;MYOSITE OSSIFIANTE PROGRESSIVE   MAIN
M61.15;MYOSITE OSSIFIANTE PROGRESSIVE   BASSIN  CUISSE
M61.16;MYOSITE OSSIFIANTE PROGRESSIVE   JAMBE
M61.17;MYOSITE OSSIFIANTE PROGRESSIVE   CHEV   PIED
M61.18;MYOSITE OSSIFIANTE PROGRESSIVE   AUTRES LOC 
M61.19;MYOSITE OSSIFIANTE PROGRESSIVE   LOC  SAI
M61.2;CALCIFICATION ET OSSIF  PARALYTIQUES DE MUSCLES
M61.20;CALCIFICATION ET OSSIF  PARALYTIQUES DE MUSCLES   SIEGES MULT 
M61.21;CALCIFICATION ET OSSIF  PARALYTIQUES DE MUSCLES   EPAULE
M61.22;CALCIFICATION ET OSSIF  PARALYTIQUES DE MUSCLES   BRAS
M61.23;CALCIFICATION ET OSSIF  PARALYTIQUES DE MUSCLES   AVANT BRAS
M61.24;CALCIFICATION ET OSSIF  PARALYTIQUES DE MUSCLES   MAIN
M61.25;CALCIFICATION ET OSSIF  PARALYTIQUES DE MUSCLES   BASSIN  CUISSE
M61.26;CALCIFICATION ET OSSIF  PARALYTIQUES DE MUSCLES   JAMBE
M61.27;CALCIFICATION ET OSSIF  PARALYTIQUES DE MUSCLES   CHEV   PIED
M61.28;CALCIFICATION ET OSSIF  PARALYTIQUES DE MUSCLES   AUTRES LOC 
M61.29;CALCIFICATION ET OSSIF  PARALYTIQUES DE MUSCLES   LOC  SAI
M61.3;CALCIF  ET OSSIF  DE MUSCLES ASS  A DES BRULURES
M61.30;CALCIF  ET OSSIF  DE MUSCLES ASS  A DES BRULURES   SIEGES MULT 
M61.31;CALCIF  ET OSSIF  DE MUSCLES ASS  A DES BRULURES   EPAULE
M61.32;CALCIF  ET OSSIF  DE MUSCLES ASS  A DES BRULURES   BRAS
M61.33;CALCIF  ET OSSIF  DE MUSCLES ASS  A DES BRULURES   AVANT BRAS
M61.34;CALCIF  ET OSSIF  DE MUSCLES ASS  A DES BRULURES   MAIN
M61.35;CALCIF  ET OSSIF  DE MUSCLES ASS  A DES BRULURES   BASSIN  CUISSE
M61.36;CALCIF  ET OSSIF  DE MUSCLES ASS  A DES BRULURES   JAMBE
M61.37;CALCIF  ET OSSIF  DE MUSCLES ASS  A DES BRULURES   CHEV   PIED
M61.38;CALCIF  ET OSSIF  DE MUSCLES ASS  A DES BRULURES   AUTRES LOC 
M61.39;CALCIF  ET OSSIF  DE MUSCLES ASS  A DES BRULURES   LOC  SAI
M61.4;CALCIFICATIONS DE MUSCLES  NCA
M61.40;CALCIFICATIONS DE MUSCLES  NCA   SIEGES MULT 
M61.41;CALCIFICATIONS DE MUSCLES  NCA   EPAULE
M61.42;CALCIFICATIONS DE MUSCLES  NCA   BRAS
M61.43;CALCIFICATIONS DE MUSCLES  NCA   AVANT BRAS
M61.44;CALCIFICATIONS DE MUSCLES  NCA   MAIN
M61.45;CALCIFICATIONS DE MUSCLES  NCA   BASSIN  CUISSE
M61.46;CALCIFICATIONS DE MUSCLES  NCA   JAMBE
M61.47;CALCIFICATIONS DE MUSCLES  NCA   CHEV   PIED
M61.48;CALCIFICATIONS DE MUSCLES  NCA   AUTRES LOC 
M61.49;CALCIFICATIONS DE MUSCLES  NCA   LOC  SAI
M61.5;OSSIFICATIONS DE MUSCLES  NCA
M61.50;OSSIFICATIONS DE MUSCLES  NCA   SIEGES MULT 
M61.51;OSSIFICATIONS DE MUSCLES  NCA   EPAULE
M61.52;OSSIFICATIONS DE MUSCLES  NCA   BRAS
M61.53;OSSIFICATIONS DE MUSCLES  NCA   AVANT BRAS
M61.54;OSSIFICATIONS DE MUSCLES  NCA   MAIN
M61.55;OSSIFICATIONS DE MUSCLES  NCA   BASSIN  CUISSE
M61.56;OSSIFICATIONS DE MUSCLES  NCA   JAMBE
M61.57;OSSIFICATIONS DE MUSCLES  NCA   CHEV   PIED
M61.58;OSSIFICATIONS DE MUSCLES  NCA   AUTRES LOC 
M61.59;OSSIFICATIONS DE MUSCLES  NCA   LOC  SAI
M61.9;CALCIFICATION ET OSSIFICATION DE MUSCLES  SAI
M61.90;CALCIFICATION ET OSSIFICATION DE MUSCLES  SAI   SIEGES MULT 
M61.91;CALCIFICATION ET OSSIFICATION DE MUSCLES  SAI   EPAULE
M61.92;CALCIFICATION ET OSSIFICATION DE MUSCLES  SAI   BRAS
M61.93;CALCIFICATION ET OSSIFICATION DE MUSCLES  SAI   AVANT BRAS
M61.94;CALCIFICATION ET OSSIFICATION DE MUSCLES  SAI   MAIN
M61.95;CALCIFICATION ET OSSIFICATION DE MUSCLES  SAI   BASSIN  CUISSE
M61.96;CALCIFICATION ET OSSIFICATION DE MUSCLES  SAI   JAMBE
M61.97;CALCIFICATION ET OSSIFICATION DE MUSCLES  SAI   CHEV   PIED
M61.98;CALCIFICATION ET OSSIFICATION DE MUSCLES  SAI   AUTRES LOC 
M61.99;CALCIFICATION ET OSSIFICATION DE MUSCLES  SAI   LOC  SAI
M62.0;DIASTASIS MUSC 
M62.00;DIASTASIS MUSC    SIEGES MULT 
M62.01;DIASTASIS MUSC    EPAULE
M62.02;DIASTASIS MUSC    BRAS
M62.03;DIASTASIS MUSC    AVANT BRAS
M62.04;DIASTASIS MUSC    MAIN
M62.05;DIASTASIS MUSC    BASSIN  CUISSE
M62.06;DIASTASIS MUSC    JAMBE
M62.07;DIASTASIS MUSC    CHEV   PIED
M62.08;DIASTASIS MUSC    AUTRES LOC 
M62.09;DIASTASIS MUSC    LOC  SAI
M62.1;DECHIRURES MUSC   NCA
M62.10;DECHIRURES MUSC   NCA   SIEGES MULT 
M62.11;DECHIRURES MUSC   NCA   EPAULE
M62.12;DECHIRURES MUSC   NCA   BRAS
M62.13;DECHIRURES MUSC   NCA   AVANT BRAS
M62.14;DECHIRURES MUSC   NCA   MAIN
M62.15;DECHIRURES MUSC   NCA   BASSIN  CUISSE
M62.16;DECHIRURES MUSC   NCA   JAMBE
M62.17;DECHIRURES MUSC   NCA   CHEV   PIED
M62.18;DECHIRURES MUSC   NCA   AUTRES LOC 
M62.19;DECHIRURES MUSC   NCA   LOC  SAI
M62.2;INFARCISSEMENT ISCHEM  MUSC 
M62.20;INFARCISSEMENT ISCHEM  MUSC    SIEGES MULT 
M62.21;INFARCISSEMENT ISCHEM  MUSC    EPAULE
M62.22;INFARCISSEMENT ISCHEM  MUSC    BRAS
M62.23;INFARCISSEMENT ISCHEM  MUSC    AVANT BRAS
M62.24;INFARCISSEMENT ISCHEM  MUSC    MAIN
M62.25;INFARCISSEMENT ISCHEM  MUSC    BASSIN  CUISSE
M62.26;INFARCISSEMENT ISCHEM  MUSC    JAMBE
M62.27;INFARCISSEMENT ISCHEM  MUSC    CHEV   PIED
M62.28;INFARCISSEMENT ISCHEM  MUSC    AUTRES LOC 
M62.29;INFARCISSEMENT ISCHEM  MUSC    LOC  SAI
M62.3;SYND  D IMMOBILITE
M62.30;SYND  D IMMOBILITE   SIEGES MULT 
M62.31;SYND  D IMMOBILITE   EPAULE
M62.32;SYND  D IMMOBILITE   BRAS
M62.33;SYND  D IMMOBILITE   AVANT BRAS
M62.34;SYND  D IMMOBILITE   MAIN
M62.35;SYND  D IMMOBILITE   BASSIN  CUISSE
M62.36;SYND  D IMMOBILITE   JAMBE
M62.37;SYND  D IMMOBILITE   CHEV   PIED
M62.38;SYND  D IMMOBILITE   AUTRES LOC 
M62.39;SYND  D IMMOBILITE   LOC  SAI
M62.4;CONTRACTURE MUSC 
M62.40;CONTRACTURE MUSC    SIEGES MULT 
M62.41;CONTRACTURE MUSC    EPAULE
M62.42;CONTRACTURE MUSC    BRAS
M62.43;CONTRACTURE MUSC    AVANT BRAS
M62.44;CONTRACTURE MUSC    MAIN
M62.45;CONTRACTURE MUSC    BASSIN  CUISSE
M62.46;CONTRACTURE MUSC    JAMBE
M62.47;CONTRACTURE MUSC    CHEV   PIED
M62.48;CONTRACTURE MUSC    AUTRES LOC 
M62.49;CONTRACTURE MUSC    LOC  SAI
M62.5;ATROPHIE ET FONTE MUSC   NCA
M62.50;ATROPHIE ET FONTE MUSC   NCA   SIEGES MULT 
M62.51;ATROPHIE ET FONTE MUSC   NCA   EPAULE
M62.52;ATROPHIE ET FONTE MUSC   NCA   BRAS
M62.53;ATROPHIE ET FONTE MUSC   NCA   AVANT BRAS
M62.54;ATROPHIE ET FONTE MUSC   NCA   MAIN
M62.55;ATROPHIE ET FONTE MUSC   NCA   BASSIN  CUISSE
M62.56;ATROPHIE ET FONTE MUSC   NCA   JAMBE
M62.57;ATROPHIE ET FONTE MUSC   NCA   CHEV   PIED
M62.58;ATROPHIE ET FONTE MUSC   NCA   AUTRES LOC 
M62.59;ATROPHIE ET FONTE MUSC   NCA   LOC  SAI
M62.6;FOULURE MUSC 
M62.60;FOULURE MUSC    SIEGES MULT 
M62.61;FOULURE MUSC    EPAULE
M62.62;FOULURE MUSC    BRAS
M62.63;FOULURE MUSC    AVANT BRAS
M62.64;FOULURE MUSC    MAIN
M62.65;FOULURE MUSC    BASSIN  CUISSE
M62.66;FOULURE MUSC    JAMBE
M62.67;FOULURE MUSC    CHEV   PIED
M62.68;FOULURE MUSC    AUTRES LOC 
M62.69;FOULURE MUSC    LOC  SAI
M62.80;ATTEINTES MUSC  PREC   NCA   SIEGES MULT 
M62.800;RHABDOMYOLYSE   SIEGES MULT 
M62.808;AUTRES ATTEINTES MUSC  PREC   NCA   SIEGES MULT 
M62.81;ATTEINTES MUSC  PREC   NCA   EPAULE
M62.810;RHABDOMYOLYSE   EPAULE
M62.818;AUTRES ATTEINTES MUSC  PREC   NCA   EPAULE
M62.82;ATTEINTES MUSC  PREC   NCA   BRAS
M62.820;RHABDOMYOLYSE   BRAS
M62.828;AUTRES ATTEINTES MUSC  PREC   NCA   BRAS
M62.83;ATTEINTES MUSC  PREC   NCA   AVANT BRAS
M62.830;RHABDOMYOLYSE   AVANT BRAS
M62.838;AUTRES ATTEINTES MUSC  PREC   NCA   AVANT BRAS
M62.84;ATTEINTES MUSC  PREC   NCA   MAIN
M62.840;RHABDOMYOLYSE   MAIN
M62.848;AUTRES ATTEINTES MUSC  PREC   NCA   MAIN
M62.85;ATTEINTES MUSC  PREC   NCA   BASSIN  CUISSE
M62.850;RHABDOMYOLYSE   BASSIN  CUISSE
M62.858;AUTRES ATTEINTES MUSC  PREC   NCA   BASSIN  CUISSE
M62.86;ATTEINTES MUSC  PREC   NCA   JAMBE
M62.860;RHABDOMYOLYSE   JAMBE
M62.868;AUTRES ATTEINTES MUSC  PREC   NCA   JAMBE
M62.87;ATTEINTES MUSC  PREC   NCA   CHEV   PIED
M62.870;RHABDOMYOLYSE   CHEV   PIED
M62.878;AUTRES ATTEINTES MUSC  PREC   NCA   CHEV   PIED
M62.88;ATTEINTES MUSC  PREC   NCA   AUTRES LOC 
M62.880;RHABDOMYOLYSE   AUTRES LOC 
M62.888;AUTRES ATTEINTES MUSC  PREC   NCA   AUTRES LOC 
M62.89;ATTEINTES MUSC  PREC   NCA   LOC  SAI
M62.890;RHABDOMYOLYSE
M62.898;AUTRES ATTEINTES MUSC  PREC   NCA   LOC  SAI
M63.0;MYOSITE AVEC MAL  BACT  CL  AILL 
M63.1;MYOSITE AVEC INFECT  PARASIT  ET A PROTOZOAIRES CL  AILL 
M63.2;MYOSITE AVEC AUTRES MAL  INFECT  CL  AILL 
M63.3;MYOSITE AVEC SARCOIDOSE
M63.8;ATTEINTES MUSC  NCA  AVEC MAL  CL  AILL 
M65.0;ABCES DE LA GAINE DU TENDON
M65.00;ABCES DE LA GAINE DU TENDON   SIEGES MULT 
M65.01;ABCES DE LA GAINE DU TENDON   EPAULE
M65.02;ABCES DE LA GAINE DU TENDON   BRAS
M65.03;ABCES DE LA GAINE DU TENDON   AVANT BRAS
M65.04;ABCES DE LA GAINE DU TENDON   MAIN
M65.05;ABCES DE LA GAINE DU TENDON   BASSIN  CUISSE
M65.06;ABCES DE LA GAINE DU TENDON   JAMBE
M65.07;ABCES DE LA GAINE DU TENDON   CHEV   PIED
M65.08;ABCES DE LA GAINE DU TENDON   AUTRES LOC 
M65.09;ABCES DE LA GAINE DU TENDON   LOC  SAI
M65.1;SYNOVITES INFECT   NCA
M65.10;SYNOVITES INFECT   NCA   SIEGES MULT 
M65.11;SYNOVITES INFECT   NCA   EPAULE
M65.12;SYNOVITES INFECT   NCA   BRAS
M65.13;SYNOVITES INFECT   NCA   AVANT BRAS
M65.14;SYNOVITES INFECT   NCA   MAIN
M65.15;SYNOVITES INFECT   NCA   BASSIN  CUISSE
M65.16;SYNOVITES INFECT   NCA   JAMBE
M65.17;SYNOVITES INFECT   NCA   CHEV   PIED
M65.18;SYNOVITES INFECT   NCA   AUTRES LOC 
M65.19;SYNOVITES INFECT   NCA   LOC  SAI
M65.2;TENDINITE CALCIFIANTE
M65.20;TENDINITE CALCIFIANTE   SIEGES MULT 
M65.22;TENDINITE CALCIFIANTE   BRAS
M65.23;TENDINITE CALCIFIANTE   AVANT BRAS
M65.24;TENDINITE CALCIFIANTE   MAIN
M65.25;TENDINITE CALCIFIANTE   BASSIN  CUISSE
M65.26;TENDINITE CALCIFIANTE   JAMBE
M65.27;TENDINITE CALCIFIANTE   CHEV   PIED
M65.28;TENDINITE CALCIFIANTE   AUTRES LOC 
M65.29;TENDINITE CALCIFIANTE   LOC  SAI
M65.3;DOIGT  A RESSORT 
M65.34;DOIGT  A RESSORT    MAIN
M65.4;TENOSYNOVITE CHRON  STENOSANTE DU POUCE
M65.44;TENOSYNOVITE CHRON  STENOSANTE DU POUCE   MAIN
M65.8;SYNOVITES ET TENOSYNOVITES  NCA
M65.80;SYNOVITES ET TENOSYNOVITES  NCA   SIEGES MULT 
M65.81;SYNOVITES ET TENOSYNOVITES  NCA   EPAULE
M65.82;SYNOVITES ET TENOSYNOVITES  NCA   BRAS
M65.83;SYNOVITES ET TENOSYNOVITES  NCA   AVANT BRAS
M65.84;SYNOVITES ET TENOSYNOVITES  NCA   MAIN
M65.85;SYNOVITES ET TENOSYNOVITES  NCA   BASSIN  CUISSE
M65.86;SYNOVITES ET TENOSYNOVITES  NCA   JAMBE
M65.87;SYNOVITES ET TENOSYNOVITES  NCA   CHEV   PIED
M65.88;SYNOVITES ET TENOSYNOVITES  NCA   AUTRES LOC 
M65.89;SYNOVITES ET TENOSYNOVITES  NCA   LOC  SAI
M65.9;SYNOVITE ET TENOSYNOVITE  SAI
M65.90;SYNOVITE ET TENOSYNOVITE  SAI   SIEGES MULT 
M65.91;SYNOVITE ET TENOSYNOVITE  SAI   EPAULE
M65.92;SYNOVITE ET TENOSYNOVITE  SAI   BRAS
M65.93;SYNOVITE ET TENOSYNOVITE  SAI   AVANT BRAS
M65.94;SYNOVITE ET TENOSYNOVITE  SAI   MAIN
M65.95;SYNOVITE ET TENOSYNOVITE  SAI   BASSIN  CUISSE
M65.96;SYNOVITE ET TENOSYNOVITE  SAI   JAMBE
M65.97;SYNOVITE ET TENOSYNOVITE  SAI   CHEV   PIED
M65.98;SYNOVITE ET TENOSYNOVITE  SAI   AUTRES LOC 
M65.99;SYNOVITE ET TENOSYNOVITE  SAI   LOC  SAI
M66.0;DECHIRURE D UN KYSTE POPLITE
M66.06;DECHIRURE D UN KYSTE POPLITE   JAMBE
M66.1;DECHIRURE DE LA SYNOVIALE
M66.10;DECHIRURE DE LA SYNOVIALE   SIEGES MULT 
M66.11;DECHIRURE DE LA SYNOVIALE   EPAULE
M66.12;DECHIRURE DE LA SYNOVIALE   BRAS
M66.13;DECHIRURE DE LA SYNOVIALE   AVANT BRAS
M66.14;DECHIRURE DE LA SYNOVIALE   MAIN
M66.15;DECHIRURE DE LA SYNOVIALE   BASSIN  CUISSE
M66.17;DECHIRURE DE LA SYNOVIALE   CHEV   PIED
M66.18;DECHIRURE DE LA SYNOVIALE   AUTRES LOC 
M66.19;DECHIRURE DE LA SYNOVIALE   LOC  SAI
M66.2;DECHIRURE SPONT  DES TENDONS EXTEN 
M66.20;DECHIRURE SPONT  DES TENDONS EXTEN    SIEGES MULT 
M66.21;DECHIRURE SPONT  DES TENDONS EXTEN    EPAULE
M66.22;DECHIRURE SPONT  DES TENDONS EXTEN    BRAS
M66.23;DECHIRURE SPONT  DES TENDONS EXTEN    AVANT BRAS
M66.24;DECHIRURE SPONT  DES TENDONS EXTEN    MAIN
M66.25;DECHIRURE SPONT  DES TENDONS EXTEN    BASSIN  CUISSE
M66.26;DECHIRURE SPONT  DES TENDONS EXTEN    JAMBE
M66.27;DECHIRURE SPONT  DES TENDONS EXTEN    CHEV   PIED
M66.28;DECHIRURE SPONT  DES TENDONS EXTEN    AUTRES LOC 
M66.29;DECHIRURE SPONT  DES TENDONS EXTEN    LOC  SAI
M66.3;DECHIRURE SPONT  DES TENDONS FLECH 
M66.30;DECHIRURE SPONT  DES TENDONS FLECH    SIEGES MULT 
M66.31;DECHIRURE SPONT  DES TENDONS FLECH    EPAULE
M66.32;DECHIRURE SPONT  DES TENDONS FLECH    BRAS
M66.33;DECHIRURE SPONT  DES TENDONS FLECH    AVANT BRAS
M66.34;DECHIRURE SPONT  DES TENDONS FLECH    MAIN
M66.35;DECHIRURE SPONT  DES TENDONS FLECH    BASSIN  CUISSE
M66.36;DECHIRURE SPONT  DES TENDONS FLECH    JAMBE
M66.37;DECHIRURE SPONT  DES TENDONS FLECH    CHEV   PIED
M66.38;DECHIRURE SPONT  DES TENDONS FLECH    AUTRES LOC 
M66.39;DECHIRURE SPONT  DES TENDONS FLECH    LOC  SAI
M66.4;DECHIRURE SPONT  D AUTRES TENDONS
M66.40;DECHIRURE SPONT  D AUTRES TENDONS   SIEGES MULT 
M66.41;DECHIRURE SPONT  D AUTRES TENDONS   EPAULE
M66.42;DECHIRURE SPONT  D AUTRES TENDONS   BRAS
M66.43;DECHIRURE SPONT  D AUTRES TENDONS   AVANT BRAS
M66.44;DECHIRURE SPONT  D AUTRES TENDONS   MAIN
M66.45;DECHIRURE SPONT  D AUTRES TENDONS   BASSIN  CUISSE
M66.46;DECHIRURE SPONT  D AUTRES TENDONS   JAMBE
M66.47;DECHIRURE SPONT  D AUTRES TENDONS   CHEV   PIED
M66.48;DECHIRURE SPONT  D AUTRES TENDONS   AUTRES LOC 
M66.49;DECHIRURE SPONT  D AUTRES TENDONS   LOC  SAI
M66.5;DECHIRURE SPONT  D UN TENDON  SAI
M66.50;DECHIRURE SPONT  D UN TENDON  SAI   SIEGES MULT 
M66.51;DECHIRURE SPONT  D UN TENDON  SAI   EPAULE
M66.52;DECHIRURE SPONT  D UN TENDON  SAI   BRAS
M66.53;DECHIRURE SPONT  D UN TENDON  SAI   AVANT BRAS
M66.54;DECHIRURE SPONT  D UN TENDON  SAI   MAIN
M66.55;DECHIRURE SPONT  D UN TENDON  SAI   BASSIN  CUISSE
M66.56;DECHIRURE SPONT  D UN TENDON  SAI   JAMBE
M66.57;DECHIRURE SPONT  D UN TENDON  SAI   CHEV   PIED
M66.58;DECHIRURE SPONT  D UN TENDON  SAI   AUTRES LOC 
M66.59;DECHIRURE SPONT  D UN TENDON  SAI   LOC  SAI
M67.0;BRIEVETE DU TENDON D ACHILLE
M67.1;RETRACTIONS TENDINEUSES  NCA
M67.2;HYPERTROPHIE SYNOVIALE  NCA
M67.3;SYNOVITE TRANSIT 
M67.4;KYSTE ARTIC  OU SAI
M67.8;ATTEINTES PREC  DE LA SYNOVIALE ET DU TENDON  NCA
M67.9;ATTEINTE DE LA SYNOVIALE ET DU TENDON  SAI
M68.0;SYNOVITE ET TENOSYNOVITE AVEC MAL  BACT  CL  AILL 
M68.8;ATTEINTES DE LA SYNOVIALE ET DU TENDON AVEC MAL  CL  AILL   NCA
M70.0;SYNOVITE SECHE DE LA MAIN ET DU POIGNET
M70.00;SYNOVITE SECHE DE LA MAIN ET DU POIGNET   SIEGES MULT 
M70.03;SYNOVITE SECHE DE LA MAIN ET DU POIGNET   ARTIC  POIGNET
M70.04;SYNOVITE SECHE DE LA MAIN ET DU POIGNET   MAIN
M70.09;SYNOVITE SECHE DE LA MAIN ET DU POIGNET   LOC  SAI
M70.1;BURSITE DE LA MAIN
M70.14;BURSITE DE LA MAIN   MAIN
M70.2;BURSITE OLECRANIENNE
M70.22;BURSITE OLECRANIENNE   ARTIC  COUDE
M70.3;BURSITES DU COUDE  NCA
M70.32;BURSITES DU COUDE  NCA   ARTIC  COUDE
M70.4;BURSITE PREPATELLAIRE
M70.46;BURSITE PREPATELLAIRE   ARTIC  GENOU
M70.5;BURSITES DU GENOU  NCA
M70.56;BURSITES DU GENOU  NCA   ARTIC  GENOU
M70.6;BURSITE TROCHANTERIENNE
M70.65;BURSITE TROCHANTERIENNE   ARTIC  HANCHE
M70.7;BURSITES DE LA HANCHE  NCA
M70.75;BURSITES DE LA HANCHE  NCA   ARTIC  HANCHE
M70.8;AFF  DES TISSUS MOUS PAR SOLLICIT  EXCES   NCA
M70.80;AFF  DES TISSUS MOUS PAR SOLLICIT  EXCES   NCA   SIEGES MULT 
M70.83;AFF  DES TISSUS MOUS PAR SOLLICIT  EXCES   NCA   AVANT BRAS
M70.87;AFF  DES TISSUS MOUS PAR SOLLICIT  EXCES   NCA   CHEV   PIED
M70.88;AFF  DES TISSUS MOUS PAR SOLLICIT  EXCES   NCA   AUTRES LOC 
M70.89;AFF  DES TISSUS MOUS PAR SOLLICIT  EXCES   NCA   LOC  SAI
M70.9;AFF  DES TISSUS MOUS PAR SOLLICIT  EXCES   SAI
M70.90;AFF  DES TISSUS MOUS PAR SOLLICIT  EXCES   SAI   SIEGES MULT 
M70.92;AFF  DES TISSUS MOUS PAR SOLLICIT  EXCES   SAI   BRAS
M70.93;AFF  DES TISSUS MOUS PAR SOLLICIT  EXCES   SAI   AVANT BRAS
M70.94;AFF  DES TISSUS MOUS PAR SOLLICIT  EXCES   SAI   MAIN
M70.95;AFF  DES TISSUS MOUS PAR SOLLICIT  EXCES   SAI   BASSIN  CUISSE
M70.96;AFF  DES TISSUS MOUS PAR SOLLICIT  EXCES   SAI   JAMBE
M70.97;AFF  DES TISSUS MOUS PAR SOLLICIT  EXCES   SAI   CHEV   PIED
M70.98;AFF  DES TISSUS MOUS PAR SOLLICIT  EXCES   SAI   AUTRES LOC 
M70.99;AFF  DES TISSUS MOUS PAR SOLLICIT  EXCES   SAI   LOC  SAI
M71.0;ABCES DES BOURSES SEREUSES
M71.00;ABCES DES BOURSES SEREUSES   SIEGES MULT 
M71.01;ABCES DES BOURSES SEREUSES   EPAULE
M71.02;ABCES DES BOURSES SEREUSES   BRAS
M71.03;ABCES DES BOURSES SEREUSES   AVANT BRAS
M71.04;ABCES DES BOURSES SEREUSES   MAIN
M71.05;ABCES DES BOURSES SEREUSES   BASSIN  CUISSE
M71.06;ABCES DES BOURSES SEREUSES   JAMBE
M71.07;ABCES DES BOURSES SEREUSES   CHEV   PIED
M71.08;ABCES DES BOURSES SEREUSES   AUTRES LOC 
M71.09;ABCES DES BOURSES SEREUSES   LOC  SAI
M71.1;BURSITES INFECT   NCA
M71.10;BURSITES INFECT   NCA   SIEGES MULT 
M71.11;BURSITES INFECT   NCA   EPAULE
M71.12;BURSITES INFECT   NCA   BRAS
M71.13;BURSITES INFECT   NCA   AVANT BRAS
M71.14;BURSITES INFECT   NCA   MAIN
M71.15;BURSITES INFECT   NCA   BASSIN  CUISSE
M71.16;BURSITES INFECT   NCA   JAMBE
M71.17;BURSITES INFECT   NCA   CHEV   PIED
M71.18;BURSITES INFECT   NCA   AUTRES LOC 
M71.19;BURSITES INFECT   NCA   LOC  SAI
M71.2;KYSTE SYNOVIAL POPLITE
M71.26;KYSTE SYNOVIAL POPLITE   JAMBE
M71.3;KYSTES DES BOURSES SEREUSES  NCA
M71.30;KYSTES DES BOURSES SEREUSES  NCA   SIEGES MULT 
M71.31;KYSTES DES BOURSES SEREUSES  NCA   EPAULE
M71.32;KYSTES DES BOURSES SEREUSES  NCA   BRAS
M71.33;KYSTES DES BOURSES SEREUSES  NCA   AVANT BRAS
M71.34;KYSTES DES BOURSES SEREUSES  NCA   MAIN
M71.35;KYSTES DES BOURSES SEREUSES  NCA   BASSIN  CUISSE
M71.37;KYSTES DES BOURSES SEREUSES  NCA   CHEV  PIED
M71.38;KYSTES DES BOURSES SEREUSES  NCA   AUTRES LOC 
M71.39;KYSTES DES BOURSES SEREUSES  NCA   LOC  SAI
M71.4;DEPOTS CALCIQUES DANS UNE BOURSE SEREUSE
M71.40;DEPOTS CALCIQUES DANS UNE BOURSE SEREUSE   SIEGES MULT 
M71.42;DEPOTS CALCIQUES DANS UNE BOURSE SEREUSE   BRAS
M71.43;DEPOTS CALCIQUES DANS UNE BOURSE SEREUSE   AVANT BRAS
M71.44;DEPOTS CALCIQUES DANS UNE BOURSE SEREUSE   MAIN
M71.45;DEPOTS CALCIQUES DANS UNE BOURSE SEREUSE   BASSIN  CUISSE
M71.46;DEPOTS CALCIQUES DANS UNE BOURSE SEREUSE   JAMBE
M71.47;DEPOTS CALCIQUES DANS UNE BOURSE SEREUSE   CHEV   PIED
M71.48;DEPOTS CALCIQUES DANS UNE BOURSE SEREUSE   AUTRES LOC 
M71.49;DEPOTS CALCIQUES DANS UNE BOURSE SEREUSE   LOC  SAI
M71.5;BURSITES  NCA
M71.50;BURSITES  NCA   SIEGES MULT 
M71.52;BURSITES  NCA   BRAS
M71.53;BURSITES  NCA   AVANT BRAS
M71.54;BURSITES  NCA   MAIN
M71.55;BURSITES  NCA   BASSIN  CUISSE
M71.56;BURSITES  NCA   JAMBE
M71.57;BURSITES  NCA   CHEV   PIED
M71.58;BURSITES  NCA   AUTRES LOC 
M71.59;BURSITES  NCA   LOC  SAI
M71.8;AFF  DES BOURSES SEREUSES PREC   NCA
M71.80;AFF  DES BOURSES SEREUSES PREC   NCA   SIEGES MULT 
M71.82;AFF  DES BOURSES SEREUSES PREC   NCA   BRAS
M71.83;AFF  DES BOURSES SEREUSES PREC   NCA   AVANT BRAS
M71.84;AFF  DES BOURSES SEREUSES PREC   NCA   MAIN
M71.85;AFF  DES BOURSES SEREUSES PREC   NCA   BASSIN  CUISSE
M71.86;AFF  DES BOURSES SEREUSES PREC   NCA   JAMBE
M71.87;AFF  DES BOURSES SEREUSES PREC   NCA   CHEV   PIED
M71.88;AFF  DES BOURSES SEREUSES PREC   NCA   AUTRES LOC 
M71.89;AFF  DES BOURSES SEREUSES PREC   NCA   LOC  SAI
M71.9;BURSITE  SAI
M71.90;BURSITE  SAI   SIEGES MULT 
M71.92;BURSITE  SAI   BRAS
M71.93;BURSITE  SAI   AVANT BRAS
M71.94;BURSITE  SAI   MAIN
M71.95;BURSITE  SAI   BASSIN  CUISSE
M71.96;BURSITE  SAI   JAMBE
M71.97;BURSITE  SAI   CHEV   PIED
M71.98;BURSITE  SAI   AUTRES LOC 
M71.99;BURSITE  SAI   LOC  SAI
M72.0;FIBROMATOSE DE L APONEVROSE PALMAIRE
M72.04;FIBROMATOSE DE L APONEVROSE PALMAIRE   MAIN
M72.1;COUSSINET DES PHALANGES
M72.14;COUSSINET DES PHALANGES   MAIN
M72.2;FIBROMATOSE DE L APONEVROSE PLANTAIRE
M72.27;FIBROMATOSE DE L APONEVROSE PLANTAIRE   CHEV   PIED
M72.4;FIBROMATOSE PSEUDO SARCOMATEUSE
M72.40;FIBROMATOSE PSEUDO SARCOMATEUSE   SIEGES MULT 
M72.41;FIBROMATOSE PSEUDO SARCOMATEUSE   EPAULE
M72.42;FIBROMATOSE PSEUDO SARCOMATEUSE   BRAS
M72.43;FIBROMATOSE PSEUDO SARCOMATEUSE   AVANT BRAS
M72.44;FIBROMATOSE PSEUDO SARCOMATEUSE   MAIN
M72.45;FIBROMATOSE PSEUDO SARCOMATEUSE   BASSIN  CUISSE
M72.46;FIBROMATOSE PSEUDO SARCOMATEUSE   JAMBE
M72.47;FIBROMATOSE PSEUDO SARCOMATEUSE   CHEV   PIED
M72.48;FIBROMATOSE PSEUDO SARCOMATEUSE   AUTRES LOC 
M72.49;FIBROMATOSE PSEUDO SARCOMATEUSE   LOC  SAI
M72.6;FASCIITE NECROSANTE
M72.60;FASCIITE NECROSANTE   SIEGES MULT 
M72.61;FASCIITE NECROSANTE   EPAULE
M72.62;FASCIITE NECROSANTE   BRAS
M72.63;FASCIITE NECROSANTE   AVANT BRAS
M72.64;FASCIITE NECROSANTE   MAIN
M72.65;FASCIITE NECROSANTE   BASSIN  CUISSE
M72.66;FASCIITE NECROSANTE   JAMBE
M72.67;FASCIITE NECROSANTE   CHEV   PIED
M72.68;FASCIITE NECROSANTE   AUTRES LOC 
M72.69;FASCIITE NECROSANTE   LOC  SAI
M72.8;AFF  FIBROBLASTIQUES  NCA
M72.80;AFF  FIBROBLASTIQUES  NCA   SIEGES MULT 
M72.81;AFF  FIBROBLASTIQUES  NCA   EPAULE
M72.82;AFF  FIBROBLASTIQUES  NCA   BRAS
M72.83;AFF  FIBROBLASTIQUES  NCA   AVANT BRAS
M72.84;AFF  FIBROBLASTIQUES  NCA   MAIN
M72.85;AFF  FIBROBLASTIQUES  NCA   BASSIN  CUISSE
M72.86;AFF  FIBROBLASTIQUES  NCA   JAMBE
M72.87;AFF  FIBROBLASTIQUES  NCA   CHEV   PIED
M72.88;AFF  FIBROBLASTIQUES  NCA   AUTRES LOC 
M72.89;AFF  FIBROBLASTIQUES  NCA   LOC  SAI
M72.9;AFF  FIBROBLASTIQUE  SAI
M72.90;AFF  FIBROBLASTIQUE  SAI   SIEGES MULT 
M72.91;AFF  FIBROBLASTIQUE  SAI   EPAULE
M72.92;AFF  FIBROBLASTIQUE  SAI   BRAS
M72.93;AFF  FIBROBLASTIQUE  SAI   AVANT BRAS
M72.94;AFF  FIBROBLASTIQUE  SAI   MAIN
M72.95;AFF  FIBROBLASTIQUE  SAI   BASSIN  CUISSE
M72.96;AFF  FIBROBLASTIQUE  SAI   JAMBE
M72.97;AFF  FIBROBLASTIQUE  SAI   CHEV   PIED
M72.98;AFF  FIBROBLASTIQUE  SAI   AUTRES LOC 
M72.99;AFF  FIBROBLASTIQUE  SAI   LOC  SAI
M73.0;BURSITE GONO 
M73.00;BURSITE GONO    SIEGES MULT 
M73.01;BURSITE GONO    EPAULE
M73.02;BURSITE GONO    BRAS
M73.03;BURSITE GONO    AVANT BRAS
M73.04;BURSITE GONO    MAIN
M73.05;BURSITE GONO    BASSIN  CUISSE
M73.06;BURSITE GONO    JAMBE
M73.07;BURSITE GONO    CHEV   PIED
M73.08;BURSITE GONO    AUTRES LOC 
M73.09;BURSITE GONO    LOC  SAI
M73.1;BURSITE SYPHILITIQUE
M73.10;BURSITE SYPHILITIQUE   SIEGES MULT 
M73.11;BURSITE SYPHILITIQUE   EPAULE
M73.12;BURSITE SYPHILITIQUE   BRAS
M73.13;BURSITE SYPHILITIQUE   AVANT BRAS
M73.14;BURSITE SYPHILITIQUE   MAIN
M73.15;BURSITE SYPHILITIQUE   BASSIN  CUISSE
M73.16;BURSITE SYPHILITIQUE   JAMBE
M73.17;BURSITE SYPHILITIQUE   CHEV   PIED
M73.18;BURSITE SYPHILITIQUE   AUTRES LOC 
M73.19;BURSITE SYPHILITIQUE   LOC  SAI
M73.8;AFF  DES TISSUS MOUS NCA  AVEC AUT  MAL  CL  AILL 
M73.80;AFF  DES TISSUS MOUS NCA  AVEC AUT  MAL  CL  AILL    SIEGES MULT 
M73.81;AFF  DES TISSUS MOUS NCA  AVEC AUT  MAL  CL  AILL    EPAULE
M73.82;AFF  DES TISSUS MOUS NCA  AVEC AUT  MAL  CL  AILL    BRAS
M73.83;AFF  DES TISSUS MOUS NCA  AVEC AUT  MAL  CL  AILL    AVANT BRAS
M73.84;AFF  DES TISSUS MOUS NCA  AVEC AUT  MAL  CL  AILL    MAIN
M73.85;AFF  DES TISSUS MOUS NCA  AVEC AUT  MAL  CL  AILL    BASSIN  CUISSE
M73.86;AFF  DES TISSUS MOUS NCA  AVEC AUT  MAL  CL  AILL    JAMBE
M73.87;AFF  DES TISSUS MOUS NCA  AVEC AUT  MAL  CL  AILL    CHEV   PIED
M73.88;AFF  DES TISSUS MOUS NCA  AVEC AUT  MAL  CL  AILL    AUTRES LOC 
M73.89;AFF  DES TISSUS MOUS NCA  AVEC AUT  MAL  CL  AILL    LOC  SAI
M75.0;CAPSULITE RETRACTILE DE L EPAULE
M75.1;SYND  DE LA COIFFE DES ROTATEURS
M75.2;TENDINITE DU BICEPS
M75.3;TENDINITE CALCIFIANTE DE L EPAULE
M75.4;SYND  D EMPIETEMENT DE L EPAULE
M75.5;BURSITE DE L EPAULE
M75.6;LÉSION LABRUM DANS L ATTEINTE DÉGÉNÉRATIVE ARTICULATION ÉPAULE
M75.8;LES  DE L EPAULE  NCA
M75.9;LES  DE L EPAULE  SAI
M76.0;TENDINITE DE LA REGION FESSIERE
M76.05;TENDINITE DE LA REGION FESSIERE   BASSIN  CUISSE
M76.1;TENDINITE DU PSOAS
M76.15;TENDINITE DU PSOAS   BASSIN  CUISSE
M76.2;EXOSTOSE DE LA CRETE ILIAQUE
M76.25;EXOSTOSE DE LA CRETE ILIAQUE   BASSIN  CUISSE
M76.3;SYND  DE LA BANDELETTE DE MAISSIAT
M76.36;SYND  DE LA BANDELETTE DE MAISSIAT  
M76.4;BURSITE DU LIG  LAT  INT  DU GENOU
M76.46;BURSITE DU LIG  LAT  INT  DU GENOU   JAMBE
M76.5;TENDINITE ROTULIENNE
M76.56;TENDINITE ROTULIENNE   JAMBE
M76.6;TENDINITE DU TENDON D ACHILLE
M76.66;TENDINITE DU TENDON D ACHILLE   JAMBE
M76.67;TENDINITE DU TENDON D ACHILLE   CHEV   PIED
M76.7;TENDINITE PERONIERE
M76.76;TENDINITE PERONIERE   JAMBE
M76.8;ENTHESOPATHIES DU MB  INF   SAUF LE PIED  NCA
M76.80;ENTHESOPATHIES DU MB  INF   SAUF LE PIED  NCA   SIEGES MULT 
M76.85;ENTHESOPATHIES DU MB  INF   SAUF LE PIED  NCA   BASSIN  CUISSE
M76.86;ENTHESOPATHIES DU MB  INF   SAUF LE PIED  NCA   JAMBE
M76.9;ENTHESOPATHIE DU MB  INF   SAI
M76.90;ENTHESOPATHIE DU MB  INF   SAI   SIEGES MULT 
M76.95;ENTHESOPATHIE DU MB  INF   SAI   BASSIN  CUISSE
M76.96;ENTHESOPATHIE DU MB  INF   SAI   JAMBE
M76.99;ENTHESOPATHIE DU MB  INF   SAI   LOC  SAI
M77.0;APOPHYSITE INT  DU COUDE
M77.02;APOPHYSITE INT  DU COUDE   BRAS
M77.1;EPICONDYLITE
M77.12;EPICONDYLITE   BRAS
M77.2;PERIARTHRITE DU POIGNET
M77.23;PERIARTHRITE DU POIGNET   AVANT BRAS
M77.3;EXOSTOSE CALCANEENNE
M77.37;EXOSTOSE CALCANEENNE   CHEV   PIED
M77.4;METATARSALGIE
M77.47;METATARSALGIE   CHEV   PIED
M77.5;ENTHESOPATHIES DU PIED  NCA
M77.57;ENTHESOPATHIES DU PIED  NCA   CHEV   PIED
M77.8;ENTHESOPATHIES  NCA
M77.80;ENTHESOPATHIES  NCA   SIEGES MULT 
M77.81;ENTHESOPATHIES  NCA   EPAULE
M77.82;ENTHESOPATHIES  NCA   BRAS
M77.83;ENTHESOPATHIES  NCA   AVANT BRAS
M77.84;ENTHESOPATHIES  NCA   MAIN
M77.88;ENTHESOPATHIES  NCA   AUTRES LOC 
M77.89;ENTHESOPATHIES  NCA   LOC  SAI
M77.9;ENTHESOPATHIE  SAI
M77.90;ENTHESOPATHIE  SAI   SIEGES MULT 
M77.91;ENTHESOPATHIE  SAI   EPAULE
M77.92;ENTHESOPATHIE  SAI   BRAS
M77.93;ENTHESOPATHIE  SAI   AVANT BRAS
M77.94;ENTHESOPATHIE  SAI   MAIN
M77.97;ENTHESOPATHIE  SAI   CHEV   PIED
M77.98;ENTHESOPATHIE  SAI   AUTRES LOC 
M77.99;ENTHESOPATHIE  SAI   LOC  SAI
M79.0;RHUMATISME  SAI
M79.00;RHUMATISME  SAI   SIEGES MULT 
M79.01;RHUMATISME  SAI   EPAULE
M79.02;RHUMATISME  SAI   BRAS
M79.03;RHUMATISME  SAI   AVANT BRAS
M79.04;RHUMATISME  SAI   MAIN
M79.05;RHUMATISME  SAI   BASSIN  CUISSE
M79.06;RHUMATISME  SAI   JAMBE
M79.07;RHUMATISME  SAI   CHEV   PIED
M79.08;RHUMATISME  SAI   AUTRES LOC 
M79.09;RHUMATISME  SAI   LOC  SAI
M79.1;MYALGIE
M79.10;MYALGIE   SIEGES MULT 
M79.11;MYALGIE   EPAULE
M79.12;MYALGIE   BRAS
M79.13;MYALGIE   AVANT BRAS
M79.14;MYALGIE   MAIN
M79.15;MYALGIE   BASSIN  CUISSE
M79.16;MYALGIE   JAMBE
M79.17;MYALGIE   CHEV   PIED
M79.18;MYALGIE   AUTRES LOC 
M79.19;MYALGIE   LOC  SAI
M79.4;HYPERTROPHIE DU COUSSINET GRAISSEUX
M79.40;HYPERTROPHIE DU COUSSINET GRAISSEUX   SIEGES MULT 
M79.41;HYPERTROPHIE DU COUSSINET GRAISSEUX   EPAULE
M79.42;HYPERTROPHIE DU COUSSINET GRAISSEUX   BRAS
M79.43;HYPERTROPHIE DU COUSSINET GRAISSEUX   AVANT BRAS
M79.44;HYPERTROPHIE DU COUSSINET GRAISSEUX   MAIN
M79.45;HYPERTROPHIE DU COUSSINET GRAISSEUX   BASSIN  CUISSE
M79.46;HYPERTROPHIE DU COUSSINET GRAISSEUX   JAMBE
M79.47;HYPERTROPHIE DU COUSSINET GRAISSEUX   CHEV   PIED
M79.48;HYPERTROPHIE DU COUSSINET GRAISSEUX   AUTRES LOC 
M79.5;C E  RESIDUEL DANS UN TISSU MOU
M79.50;C E  RESIDUEL DANS UN TISSU MOU   SIEGES MULT 
M79.51;C E  RESIDUEL DANS UN TISSU MOU   EPAULE
M79.52;C E  RESIDUEL DANS UN TISSU MOU   BRAS
M79.53;C E  RESIDUEL DANS UN TISSU MOU   AVANT BRAS
M79.54;C E  RESIDUEL DANS UN TISSU MOU   MAIN
M79.55;C E  RESIDUEL DANS UN TISSU MOU   BASSIN  CUISSE
M79.56;C E  RESIDUEL DANS UN TISSU MOU   JAMBE
M79.57;C E  RESIDUEL DANS UN TISSU MOU   CHEV   PIED
M79.58;C E  RESIDUEL DANS UN TISSU MOU   AUTRES LOC 
M79.59;C E  RESIDUEL DANS UN TISSU MOU   LOC  SAI
M79.6;DOULEUR NIV  D UN MB 
M79.60;DOULEUR NIV  D UN MB    SIEGES MULT 
M79.61;DOULEUR NIV  D UN MB    EPAULE
M79.62;DOULEUR NIV  D UN MB    BRAS
M79.63;DOULEUR NIV  D UN MB    AVANT BRAS
M79.64;DOULEUR NIV  D UN MB    MAIN
M79.65;DOULEUR NIV  D UN MB    BASSIN  CUISSE
M79.66;DOULEUR NIV  D UN MB    JAMBE
M79.67;DOULEUR NIV  D UN MB    CHEV   PIED
M79.69;DOULEUR NIV  D UN MB    LOC  SAI
M79.7;FIBROMYALGIE
M79.70;FIBROMYALGIE   SIEGES MULT 
M79.71;FIBROMYALGIE   EPAULE
M79.72;FIBROMYALGIE   BRAS
M79.73;FIBROMYALGIE   AVANT BRAS
M79.74;FIBROMYALGIE   MAIN
M79.75;FIBROMYALGIE   BASSIN  CUISSE
M79.76;FIBROMYALGIE   JAMBE
M79.77;FIBROMYALGIE   CHEV   PIED
M79.78;FIBROMYALGIE   AUTRES LOC 
M79.79;FIBROMYALGIE   LOC  SAI
M79.8;AFF  PREC  DES TISSUS MOUS  NCA
M79.80;AFF  PREC  DES TISSUS MOUS  NCA   SIEGES MULT 
M79.81;AFF  PREC  DES TISSUS MOUS  NCA   EPAULE
M79.82;AFF  PREC  DES TISSUS MOUS  NCA   BRAS
M79.83;AFF  PREC  DES TISSUS MOUS  NCA   AVANT BRAS
M79.84;AFF  PREC  DES TISSUS MOUS  NCA   MAIN
M79.85;AFF  PREC  DES TISSUS MOUS  NCA   BASSIN  CUISSE
M79.86;AFF  PREC  DES TISSUS MOUS  NCA   JAMBE
M79.87;AFF  PREC  DES TISSUS MOUS  NCA   CHEV   PIED
M79.88;AFF  PREC  DES TISSUS MOUS  NCA   AUTRES LOC 
M79.89;AFF  PREC  DES TISSUS MOUS  NCA   LOC  SAI
M80.0;OSTEOPOROSE POST MENOP  AVEC FRAC  PATHO 
M80.00;OSTEOPOROSE POST MENOP  AVEC FRAC  PATHO    SIEGES MULT 
M80.01;OSTEOPOROSE POST MENOP  AVEC FRAC  PATHO    EPAULE
M80.02;OSTEOPOROSE POST MENOP  AVEC FRAC  PATHO    BRAS
M80.03;OSTEOPOROSE POST MENOP  AVEC FRAC  PATHO    AVANT BRAS
M80.04;OSTEOPOROSE POST MENOP  AVEC FRAC  PATHO    MAIN
M80.05;OSTEOPOROSE POST MENOP  AVEC FRAC  PATHO    BASSIN  CUISSE
M80.06;OSTEOPOROSE POST MENOP  AVEC FRAC  PATHO    JAMBE
M80.07;OSTEOPOROSE POST MENOP  AVEC FRAC  PATHO    CHEV   PIED
M80.08;OSTEOPOROSE POST MENOP  AVEC FRAC  PATHO    AUTRES LOC 
M80.09;OSTEOPOROSE POST MENOP  AVEC FRAC  PATHO    LOC  SAI
M80.1;OSTEOPOROSE POST OVARIECTOMIE AVEC FRAC  PATHO 
M80.10;OSTEOPOROSE POST OVARIECTOMIE AVEC FRAC  PATHO    SIEGES MULT 
M80.11;OSTEOPOROSE POST OVARIECTOMIE AVEC FRAC  PATHO    EPAULE
M80.12;OSTEOPOROSE POST OVARIECTOMIE AVEC FRAC  PATHO    BRAS
M80.13;OSTEOPOROSE POST OVARIECTOMIE AVEC FRAC  PATHO    AVANT BRAS
M80.14;OSTEOPOROSE POST OVARIECTOMIE AVEC FRAC  PATHO    MAIN
M80.15;OSTEOPOROSE POST OVARIECTOMIE AVEC FRAC  PATHO    BASSIN  CUISSE
M80.16;OSTEOPOROSE POST OVARIECTOMIE AVEC FRAC  PATHO    JAMBE
M80.17;OSTEOPOROSE POST OVARIECTOMIE AVEC FRAC  PATHO    CHEV   PIED
M80.18;OSTEOPOROSE POST OVARIECTOMIE AVEC FRAC  PATHO    AUTRES LOC 
M80.19;OSTEOPOROSE POST OVARIECTOMIE AVEC FRAC  PATHO    LOC  SAI
M80.2;OSTEOPOROSE D INACTIVITE AVEC FRAC  PATHO 
M80.20;OSTEOPOROSE D INACTIVITE AVEC FRAC  PATHO    SIEGES MULT 
M80.21;OSTEOPOROSE D INACTIVITE AVEC FRAC  PATHO    EPAULE
M80.22;OSTEOPOROSE D INACTIVITE AVEC FRAC  PATHO    BRAS
M80.23;OSTEOPOROSE D INACTIVITE AVEC FRAC  PATHO    AVANT BRAS
M80.24;OSTEOPOROSE D INACTIVITE AVEC FRAC  PATHO    MAIN
M80.25;OSTEOPOROSE D INACTIVITE AVEC FRAC  PATHO    BASSIN  CUISSE
M80.26;OSTEOPOROSE D INACTIVITE AVEC FRAC  PATHO    JAMBE
M80.27;OSTEOPOROSE D INACTIVITE AVEC FRAC  PATHO    CHEV   PIED
M80.28;OSTEOPOROSE D INACTIVITE AVEC FRAC  PATHO    AUTRES LOC 
M80.29;OSTEOPOROSE D INACTIVITE AVEC FRAC  PATHO    LOC  SAI
M80.3;OSTEOPOROSE SUITE A MALABS  POST CHIR  ET FRAC  PAT 
M80.30;OSTEOPOROSE SUITE A MALABS  POST CHIR  ET FRAC  PAT    SIEGES MULT 
M80.31;OSTEOPOROSE SUITE A MALABS  POST CHIR  ET FRAC  PAT    EPAULE
M80.32;OSTEOPOROSE SUITE A MALABS  POST CHIR  ET FRAC  PAT    BRAS
M80.33;OSTEOPOROSE SUITE A MALABS  POST CHIR  ET FRAC  PAT    AVANT BRAS
M80.34;OSTEOPOROSE SUITE A MALABS  POST CHIR  ET FRAC  PAT    MAIN
M80.35;OSTEOPOROSE SUITE A MALABS  POST CHIR  ET FRAC  PAT    BASSIN  CUISSE
M80.36;OSTEOPOROSE SUITE A MALABS  POST CHIR  ET FRAC  PAT    JAMBE
M80.37;OSTEOPOROSE SUITE A MALABS  POST CHIR  ET FRAC  PAT    CHEV   PIED
M80.38;OSTEOPOROSE SUITE A MALABS  POST CHIR  ET FRAC  PAT    AUTRES LOC 
M80.39;OSTEOPOROSE SUITE A MALABS  POST CHIR  ET FRAC  PAT    LOC  SAI
M80.4;OSTEOPOROSE MEDICAM  AVEC FRAC  PATHO 
M80.40;OSTEOPOROSE MEDICAM  AVEC FRAC  PATHO    SIEGES MULT 
M80.41;OSTEOPOROSE MEDICAM  AVEC FRAC  PATHO    EPAULE
M80.42;OSTEOPOROSE MEDICAM  AVEC FRAC  PATHO    BRAS
M80.43;OSTEOPOROSE MEDICAM  AVEC FRAC  PATHO    AVANT BRAS
M80.44;OSTEOPOROSE MEDICAM  AVEC FRAC  PATHO    MAIN
M80.45;OSTEOPOROSE MEDICAM  AVEC FRAC  PATHO    BASSIN  CUISSE
M80.46;OSTEOPOROSE MEDICAM  AVEC FRAC  PATHO    JAMBE
M80.47;OSTEOPOROSE MEDICAM  AVEC FRAC  PATHO    CHEV   PIED
M80.48;OSTEOPOROSE MEDICAM  AVEC FRAC  PATHO    AUTRES LOC 
M80.49;OSTEOPOROSE MEDICAM  AVEC FRAC  PATHO    LOC  SAI
M80.5;OSTEOPOROSE IDIOP  AVEC FRAC  PATHO 
M80.50;OSTEOPOROSE IDIOP  AVEC FRAC  PATHO    SIEGES MULT 
M80.51;OSTEOPOROSE IDIOP  AVEC FRAC  PATHO    EPAULE
M80.52;OSTEOPOROSE IDIOP  AVEC FRAC  PATHO    BRAS
M80.53;OSTEOPOROSE IDIOP  AVEC FRAC  PATHO    AVANT BRAS
M80.54;OSTEOPOROSE IDIOP  AVEC FRAC  PATHO    MAIN
M80.55;OSTEOPOROSE IDIOP  AVEC FRAC  PATHO    BASSIN  CUISSE
M80.56;OSTEOPOROSE IDIOP  AVEC FRAC  PATHO    JAMBE
M80.57;OSTEOPOROSE IDIOP  AVEC FRAC  PATHO    CHEV   PIED
M80.58;OSTEOPOROSE IDIOP  AVEC FRAC  PATHO    AUTRES LOC 
M80.59;OSTEOPOROSE IDIOP  AVEC FRAC  PATHO    LOC  SAI
M80.8;OSTEOPOROSES NCA  AVEC FRAC  PATHO 
M80.80;OSTEOPOROSES NCA  AVEC FRAC  PATHO    SIEGES MULT 
M80.81;OSTEOPOROSES NCA  AVEC FRAC  PATHO    EPAULE
M80.82;OSTEOPOROSES NCA  AVEC FRAC  PATHO    BRAS
M80.83;OSTEOPOROSES NCA  AVEC FRAC  PATHO    AVANT BRAS
M80.84;OSTEOPOROSES NCA  AVEC FRAC  PATHO    MAIN
M80.85;OSTEOPOROSES NCA  AVEC FRAC  PATHO    BASSIN  CUISSE
M80.86;OSTEOPOROSES NCA  AVEC FRAC  PATHO    JAMBE
M80.87;OSTEOPOROSES NCA  AVEC FRAC  PATHO    CHEV   PIED
M80.88;OSTEOPOROSES NCA  AVEC FRAC  PATHO    AUTRES LOC 
M80.89;OSTEOPOROSES NCA  AVEC FRAC  PATHO    LOC  SAI
M80.9;OSTEOPOROSE SAI  AVEC FRAC  PATHO 
M80.90;OSTEOPOROSE SAI  AVEC FRAC  PATHO    SIEGES MULT 
M80.91;OSTEOPOROSE SAI  AVEC FRAC  PATHO    EPAULE
M80.92;OSTEOPOROSE SAI  AVEC FRAC  PATHO    BRAS
M80.93;OSTEOPOROSE SAI  AVEC FRAC  PATHO    AVANT BRAS
M80.94;OSTEOPOROSE SAI  AVEC FRAC  PATHO    MAIN
M80.95;OSTEOPOROSE SAI  AVEC FRAC  PATHO    BASSIN  CUISSE
M80.96;OSTEOPOROSE SAI  AVEC FRAC  PATHO    JAMBE
M80.97;OSTEOPOROSE SAI  AVEC FRAC  PATHO    CHEV   PIED
M80.98;OSTEOPOROSE SAI  AVEC FRAC  PATHO    AUTRES LOC 
M80.99;OSTEOPOROSE SAI  AVEC FRAC  PATHO    LOC  SAI
M81.0;OSTEOPOROSE POST MENOPAUSIQUE
M81.00;OSTEOPOROSE POST MENOPAUSIQUE   SIEGES MULT 
M81.01;OSTEOPOROSE POST MENOPAUSIQUE   EPAULE
M81.02;OSTEOPOROSE POST MENOPAUSIQUE   BRAS
M81.03;OSTEOPOROSE POST MENOPAUSIQUE   AVANT BRAS
M81.04;OSTEOPOROSE POST MENOPAUSIQUE   MAIN
M81.05;OSTEOPOROSE POST MENOPAUSIQUE   BASSIN  CUISSE
M81.06;OSTEOPOROSE POST MENOPAUSIQUE   JAMBE
M81.07;OSTEOPOROSE POST MENOPAUSIQUE   CHEV   PIED
M81.08;OSTEOPOROSE POST MENOPAUSIQUE   AUTRES LOC 
M81.09;OSTEOPOROSE POST MENOPAUSIQUE   LOC  SAI
M81.1;OSTEOPOROSE POST OVARIECTOMIE
M81.10;OSTEOPOROSE POST OVARIECTOMIE   SIEGES MULT 
M81.11;OSTEOPOROSE POST OVARIECTOMIE   EPAULE
M81.12;OSTEOPOROSE POST OVARIECTOMIE   BRAS
M81.13;OSTEOPOROSE POST OVARIECTOMIE   AVANT BRAS
M81.14;OSTEOPOROSE POST OVARIECTOMIE   MAIN
M81.15;OSTEOPOROSE POST OVARIECTOMIE   BASSIN  CUISSE
M81.16;OSTEOPOROSE POST OVARIECTOMIE   JAMBE
M81.17;OSTEOPOROSE POST OVARIECTOMIE   CHEV   PIED
M81.18;OSTEOPOROSE POST OVARIECTOMIE   AUTRES LOC 
M81.19;OSTEOPOROSE POST OVARIECTOMIE   LOC  SAI
M81.2;OSTEOPOROSE D INACTIVITE
M81.20;OSTEOPOROSE D INACTIVITE   SIEGES MULT 
M81.21;OSTEOPOROSE D INACTIVITE   EPAULE
M81.22;OSTEOPOROSE D INACTIVITE   BRAS
M81.23;OSTEOPOROSE D INACTIVITE   AVANT BRAS
M81.24;OSTEOPOROSE D INACTIVITE   MAIN
M81.25;OSTEOPOROSE D INACTIVITE   BASSIN  CUISSE
M81.26;OSTEOPOROSE D INACTIVITE   JAMBE
M81.27;OSTEOPOROSE D INACTIVITE   CHEV   PIED
M81.28;OSTEOPOROSE D INACTIVITE   AUTRES LOC 
M81.29;OSTEOPOROSE D INACTIVITE   LOC  SAI
M81.3;OSTEOPOROSE CONSEC  A UNE MALABS  POST CHIR 
M81.30;OSTEOPOROSE CONSEC  A UNE MALABS  POST CHIR    SIEGES MULT 
M81.31;OSTEOPOROSE CONSEC  A UNE MALABS  POST CHIR    EPAULE
M81.32;OSTEOPOROSE CONSEC  A UNE MALABS  POST CHIR    BRAS
M81.33;OSTEOPOROSE CONSEC  A UNE MALABS  POST CHIR    AVANT BRAS
M81.34;OSTEOPOROSE CONSEC  A UNE MALABS  POST CHIR    MAIN
M81.35;OSTEOPOROSE CONSEC  A UNE MALABS  POST CHIR    BASSIN  CUISSE
M81.36;OSTEOPOROSE CONSEC  A UNE MALABS  POST CHIR    JAMBE
M81.37;OSTEOPOROSE CONSEC  A UNE MALABS  POST CHIR    CHEV   PIED
M81.38;OSTEOPOROSE CONSEC  A UNE MALABS  POST CHIR    AUTRES LOC 
M81.39;OSTEOPOROSE CONSEC  A UNE MALABS  POST CHIR    LOC  SAI
M81.4;OSTEOPOROSE MEDICAM 
M81.40;OSTEOPOROSE MEDICAM    SIEGES MULT 
M81.41;OSTEOPOROSE MEDICAM    EPAULE
M81.42;OSTEOPOROSE MEDICAM    BRAS
M81.43;OSTEOPOROSE MEDICAM    AVANT BRAS
M81.44;OSTEOPOROSE MEDICAM    MAIN
M81.45;OSTEOPOROSE MEDICAM    BASSIN  CUISSE
M81.46;OSTEOPOROSE MEDICAM    JAMBE
M81.47;OSTEOPOROSE MEDICAM    CHEV   PIED
M81.48;OSTEOPOROSE MEDICAM    AUTRES LOC 
M81.49;OSTEOPOROSE MEDICAM    LOC  SAI
M81.5;OSTEOPOROSE IDIOP 
M81.50;OSTEOPOROSE IDIOP    SIEGES MULT 
M81.51;OSTEOPOROSE IDIOP    EPAULE
M81.52;OSTEOPOROSE IDIOP    BRAS
M81.53;OSTEOPOROSE IDIOP    AVANT BRAS
M81.54;OSTEOPOROSE IDIOP    MAIN
M81.55;OSTEOPOROSE IDIOP    BASSIN  CUISSE
M81.56;OSTEOPOROSE IDIOP    JAMBE
M81.57;OSTEOPOROSE IDIOP    CHEV   PIED
M81.58;OSTEOPOROSE IDIOP    AUTRES LOC 
M81.59;OSTEOPOROSE IDIOP    LOC  SAI
M81.6;OSTEOPOROSE LOC 
M81.60;OSTEOPOROSE LOC    SIEGES MULT 
M81.61;OSTEOPOROSE LOC    EPAULE
M81.62;OSTEOPOROSE LOC    BRAS
M81.63;OSTEOPOROSE LOC    AVANT BRAS
M81.64;OSTEOPOROSE LOC    MAIN
M81.65;OSTEOPOROSE LOC    BASSIN  CUISSE
M81.66;OSTEOPOROSE LOC    JAMBE
M81.67;OSTEOPOROSE LOC    CHEV   PIED
M81.68;OSTEOPOROSE LOC    AUTRES LOC 
M81.69;OSTEOPOROSE LOC    LOC  SAI
M81.8;OSTEOPOROSES  NCA
M81.80;OSTEOPOROSES  NCA   SIEGES MULT 
M81.81;OSTEOPOROSES  NCA   EPAULE
M81.82;OSTEOPOROSES  NCA   BRAS
M81.83;OSTEOPOROSES  NCA   AVANT BRAS
M81.84;OSTEOPOROSES  NCA   MAIN
M81.85;OSTEOPOROSES  NCA   BASSIN  CUISSE
M81.86;OSTEOPOROSES  NCA   JAMBE
M81.87;OSTEOPOROSES  NCA   CHEV   PIED
M81.88;OSTEOPOROSES  NCA   AUTRES LOC 
M81.89;OSTEOPOROSES  NCA   LOC  SAI
M81.9;OSTEOPOROSE  SAI
M81.90;OSTEOPOROSE  SAI   SIEGES MULT 
M81.91;OSTEOPOROSE  SAI   EPAULE
M81.92;OSTEOPOROSE  SAI   BRAS
M81.93;OSTEOPOROSE  SAI   AVANT BRAS
M81.94;OSTEOPOROSE  SAI   MAIN
M81.95;OSTEOPOROSE  SAI   BASSIN  CUISSE
M81.96;OSTEOPOROSE  SAI   JAMBE
M81.97;OSTEOPOROSE  SAI   CHEV   PIED
M81.98;OSTEOPOROSE  SAI   AUTRES LOC 
M81.99;OSTEOPOROSE  SAI   LOC  SAI
M82.0;OSTEOPOROSE AVEC MYELOMATOSE MULT 
M82.00;OSTEOPOROSE AVEC MYELOMATOSE MULT    SIEGES MULT 
M82.01;OSTEOPOROSE AVEC MYELOMATOSE MULT    EPAULE
M82.02;OSTEOPOROSE AVEC MYELOMATOSE MULT    BRAS
M82.03;OSTEOPOROSE AVEC MYELOMATOSE MULT    AVANT BRAS
M82.04;OSTEOPOROSE AVEC MYELOMATOSE MULT    MAIN
M82.05;OSTEOPOROSE AVEC MYELOMATOSE MULT    BASSIN  CUISSE
M82.06;OSTEOPOROSE AVEC MYELOMATOSE MULT    JAMBE
M82.07;OSTEOPOROSE AVEC MYELOMATOSE MULT    CHEV   PIED
M82.08;OSTEOPOROSE AVEC MYELOMATOSE MULT    AUTRES LOC 
M82.09;OSTEOPOROSE AVEC MYELOMATOSE MULT    LOC  SAI
M82.1;OSTEOPOROSE AVEC MAL  ENDOCRINIENNES
M82.10;OSTEOPOROSE AVEC MAL  ENDOCRINIENNES   SIEGES MULT 
M82.11;OSTEOPOROSE AVEC MAL  ENDOCRINIENNES   EPAULE
M82.12;OSTEOPOROSE AVEC MAL  ENDOCRINIENNES   BRAS
M82.13;OSTEOPOROSE AVEC MAL  ENDOCRINIENNES   AVANT BRAS
M82.14;OSTEOPOROSE AVEC MAL  ENDOCRINIENNES   MAIN
M82.15;OSTEOPOROSE AVEC MAL  ENDOCRINIENNES   BASSIN  CUISSE
M82.16;OSTEOPOROSE AVEC MAL  ENDOCRINIENNES   JAMBE
M82.17;OSTEOPOROSE AVEC MAL  ENDOCRINIENNES   CHEV   PIED
M82.18;OSTEOPOROSE AVEC MAL  ENDOCRINIENNES   AUTRES LOC 
M82.19;OSTEOPOROSE AVEC MAL  ENDOCRINIENNES   LOC  SAI
M82.8;OSTEOPOROSE AVEC AUTRES MAL  CL  AILL 
M82.80;OSTEOPOROSE AVEC AUTRES MAL  CL  AILL    SIEGES MULT 
M82.81;OSTEOPOROSE AVEC AUTRES MAL  CL  AILL    EPAULE
M82.82;OSTEOPOROSE AVEC AUTRES MAL  CL  AILL    BRAS
M82.83;OSTEOPOROSE AVEC AUTRES MAL  CL  AILL    AVANT BRAS
M82.84;OSTEOPOROSE AVEC AUTRES MAL  CL  AILL    MAIN
M82.85;OSTEOPOROSE AVEC AUTRES MAL  CL  AILL    BASSIN  CUISSE
M82.86;OSTEOPOROSE AVEC AUTRES MAL  CL  AILL    JAMBE
M82.87;OSTEOPOROSE AVEC AUTRES MAL  CL  AILL    CHEV   PIED
M82.88;OSTEOPOROSE AVEC AUTRES MAL  CL  AILL    AUTRES LOC 
M82.89;OSTEOPOROSE AVEC AUTRES MAL  CL  AILL    LOC  SAI
M83.0;OSTEOMALACIE PUERP 
M83.00;OSTEOMALACIE PUERP    SIEGES MULT 
M83.01;OSTEOMALACIE PUERP    EPAULE
M83.02;OSTEOMALACIE PUERP    BRAS
M83.03;OSTEOMALACIE PUERP    AVANT BRAS
M83.04;OSTEOMALACIE PUERP    MAIN
M83.05;OSTEOMALACIE PUERP    BASSIN  CUISSE
M83.06;OSTEOMALACIE PUERP    JAMBE
M83.07;OSTEOMALACIE PUERP    CHEV   PIED
M83.08;OSTEOMALACIE PUERP    AUTRES LOC 
M83.09;OSTEOMALACIE PUERP    LOC  SAI
M83.1;OSTEOMALACIE SENILE
M83.10;OSTEOMALACIE SENILE   SIEGES MULT 
M83.11;OSTEOMALACIE SENILE   EPAULE
M83.12;OSTEOMALACIE SENILE   BRAS
M83.13;OSTEOMALACIE SENILE   AVANT BRAS
M83.14;OSTEOMALACIE SENILE   MAIN
M83.15;OSTEOMALACIE SENILE   BASSIN  CUISSE
M83.16;OSTEOMALACIE SENILE   JAMBE
M83.17;OSTEOMALACIE SENILE   CHEV   PIED
M83.18;OSTEOMALACIE SENILE   AUTRES LOC 
M83.19;OSTEOMALACIE SENILE   LOC  SAI
M83.2;OSTEOMALACIE DE L ADULTE PAR MALABS 
M83.20;OSTEOMALACIE DE L ADULTE PAR MALABS    SIEGES MULT 
M83.21;OSTEOMALACIE DE L ADULTE PAR MALABS    EPAULE
M83.22;OSTEOMALACIE DE L ADULTE PAR MALABS    BRAS
M83.23;OSTEOMALACIE DE L ADULTE PAR MALABS    AVANT BRAS
M83.24;OSTEOMALACIE DE L ADULTE PAR MALABS    MAIN
M83.25;OSTEOMALACIE DE L ADULTE PAR MALABS    BASSIN  CUISSE
M83.26;OSTEOMALACIE DE L ADULTE PAR MALABS    JAMBE
M83.27;OSTEOMALACIE DE L ADULTE PAR MALABS    CHEV   PIED
M83.28;OSTEOMALACIE DE L ADULTE PAR MALABS    AUTRES LOC 
M83.29;OSTEOMALACIE DE L ADULTE PAR MALABS    LOC  SAI
M83.3;OSTEOMALACIE DE L ADULTE DUE A LA MALNUTRITION
M83.30;OSTEOMALACIE DE L ADULTE DUE A LA MALNUTRITION   SIEGES MULT 
M83.31;OSTEOMALACIE DE L ADULTE DUE A LA MALNUTRITION   EPAULE
M83.32;OSTEOMALACIE DE L ADULTE DUE A LA MALNUTRITION   BRAS
M83.33;OSTEOMALACIE DE L ADULTE DUE A LA MALNUTRITION   AVANT BRAS
M83.34;OSTEOMALACIE DE L ADULTE DUE A LA MALNUTRITION   MAIN
M83.35;OSTEOMALACIE DE L ADULTE DUE A LA MALNUTRITION   BASSIN  CUISSE
M83.36;OSTEOMALACIE DE L ADULTE DUE A LA MALNUTRITION   JAMBE
M83.37;OSTEOMALACIE DE L ADULTE DUE A LA MALNUTRITION   CHEV   PIED
M83.38;OSTEOMALACIE DE L ADULTE DUE A LA MALNUTRITION   AUTRES LOC 
M83.39;OSTEOMALACIE DE L ADULTE DUE A LA MALNUTRITION   LOC  SAI
M83.4;MAL  OSSEUSE DUE A L ALUMINIUM
M83.40;MAL  OSSEUSE DUE A L ALUMINIUM   SIEGES MULT 
M83.41;MAL  OSSEUSE DUE A L ALUMINIUM   EPAULE
M83.42;MAL  OSSEUSE DUE A L ALUMINIUM   BRAS
M83.43;MAL  OSSEUSE DUE A L ALUMINIUM   AVANT BRAS
M83.44;MAL  OSSEUSE DUE A L ALUMINIUM   MAIN
M83.45;MAL  OSSEUSE DUE A L ALUMINIUM   BASSIN  CUISSE
M83.46;MAL  OSSEUSE DUE A L ALUMINIUM   JAMBE
M83.47;MAL  OSSEUSE DUE A L ALUMINIUM   CHEV   PIED
M83.48;MAL  OSSEUSE DUE A L ALUMINIUM   AUTRES LOC 
M83.49;MAL  OSSEUSE DUE A L ALUMINIUM   LOC  SAI
M83.5;OSTEOMALACIES MEDICAM  DE L ADULTE  NCA
M83.50;OSTEOMALACIES MEDICAM  DE L ADULTE  NCA   SIEGES MULT 
M83.51;OSTEOMALACIES MEDICAM  DE L ADULTE  NCA   EPAULE
M83.52;OSTEOMALACIES MEDICAM  DE L ADULTE  NCA   BRAS
M83.53;OSTEOMALACIES MEDICAM  DE L ADULTE  NCA   AVANT BRAS
M83.54;OSTEOMALACIES MEDICAM  DE L ADULTE  NCA   MAIN
M83.55;OSTEOMALACIES MEDICAM  DE L ADULTE  NCA   BASSIN  CUISSE
M83.56;OSTEOMALACIES MEDICAM  DE L ADULTE  NCA   JAMBE
M83.57;OSTEOMALACIES MEDICAM  DE L ADULTE  NCA   CHEV   PIED
M83.58;OSTEOMALACIES MEDICAM  DE L ADULTE  NCA   AUTRES LOC 
M83.59;OSTEOMALACIES MEDICAM  DE L ADULTE  NCA   LOC  SAI
M83.8;OSTEOMALACIES DE L ADULTE  NCA
M83.80;OSTEOMALACIES DE L ADULTE  NCA   SIEGES MULT 
M83.81;OSTEOMALACIES DE L ADULTE  NCA   EPAULE
M83.82;OSTEOMALACIES DE L ADULTE  NCA   BRAS
M83.83;OSTEOMALACIES DE L ADULTE  NCA   AVANT BRAS
M83.84;OSTEOMALACIES DE L ADULTE  NCA   MAIN
M83.85;OSTEOMALACIES DE L ADULTE  NCA   BASSIN  CUISSE
M83.86;OSTEOMALACIES DE L ADULTE  NCA   JAMBE
M83.87;OSTEOMALACIES DE L ADULTE  NCA   CHEV   PIED
M83.88;OSTEOMALACIES DE L ADULTE  NCA   AUTRES LOC 
M83.89;OSTEOMALACIES DE L ADULTE  NCA   LOC  SAI
M83.9;OSTEOMALACIE DE L ADULTE  SAI
M83.90;OSTEOMALACIE DE L ADULTE  SAI   SIEGES MULT 
M83.91;OSTEOMALACIE DE L ADULTE  SAI   EPAULE
M83.92;OSTEOMALACIE DE L ADULTE  SAI   BRAS
M83.93;OSTEOMALACIE DE L ADULTE  SAI   AVANT BRAS
M83.94;OSTEOMALACIE DE L ADULTE  SAI   MAIN
M83.95;OSTEOMALACIE DE L ADULTE  SAI   BASSIN  CUISSE
M83.96;OSTEOMALACIE DE L ADULTE  SAI   JAMBE
M83.97;OSTEOMALACIE DE L ADULTE  SAI   CHEV   PIED
M83.98;OSTEOMALACIE DE L ADULTE  SAI   AUTRES LOC 
M83.99;OSTEOMALACIE DE L ADULTE  SAI   LOC  SAI
M84.0;FRAC  MAL CONSOLIDEE
M84.00;FRAC  MAL CONSOLIDEE   SIEGES MULT 
M84.01;FRAC  MAL CONSOLIDEE   EPAULE
M84.02;FRAC  MAL CONSOLIDEE   BRAS
M84.03;FRAC  MAL CONSOLIDEE   AVANT BRAS
M84.04;FRAC  MAL CONSOLIDEE   MAIN
M84.05;FRAC  MAL CONSOLIDEE   BASSIN  CUISSE
M84.06;FRAC  MAL CONSOLIDEE   JAMBE
M84.07;FRAC  MAL CONSOLIDEE   CHEV   PIED
M84.08;FRAC  MAL CONSOLIDEE   AUTRES LOC 
M84.09;FRAC  MAL CONSOLIDEE   LOC  SAI
M84.1;FRAC  NON CONSOLIDEE
M84.10;FRAC  NON CONSOLIDEE   SIEGES MULT 
M84.11;FRAC  NON CONSOLIDEE   EPAULE
M84.12;FRAC  NON CONSOLIDEE   BRAS
M84.13;FRAC  NON CONSOLIDEE   AVANT BRAS
M84.14;FRAC  NON CONSOLIDEE   MAIN
M84.15;FRAC  NON CONSOLIDEE   BASSIN  CUISSE
M84.16;FRAC  NON CONSOLIDEE   JAMBE
M84.17;FRAC  NON CONSOLIDEE   CHEV   PIED
M84.18;FRAC  NON CONSOLIDEE   AUTRES LOC 
M84.19;FRAC  NON CONSOLIDEE   LOC  SAI
M84.2;RETARD DE CONSOLIDATION D UNE FRAC 
M84.20;RETARD DE CONSOLIDATION D UNE FRAC    SIEGES MULT 
M84.21;RETARD DE CONSOLIDATION D UNE FRAC    EPAULE
M84.22;RETARD DE CONSOLIDATION D UNE FRAC    BRAS
M84.23;RETARD DE CONSOLIDATION D UNE FRAC    AVANT BRAS
M84.24;RETARD DE CONSOLIDATION D UNE FRAC    MAIN
M84.25;RETARD DE CONSOLIDATION D UNE FRAC    BASSIN  CUISSE
M84.26;RETARD DE CONSOLIDATION D UNE FRAC    JAMBE
M84.27;RETARD DE CONSOLIDATION D UNE FRAC    CHEV   PIED
M84.28;RETARD DE CONSOLIDATION D UNE FRAC    AUTRES LOC 
M84.29;RETARD DE CONSOLIDATION D UNE FRAC    LOC  SAI
M84.3;FRAC  PAR SOLLICITATION EXCESSIVE  NCA
M84.30;FRAC  PAR SOLLICITATION EXCESSIVE  NCA   SIEGES MULT 
M84.31;FRAC  PAR SOLLICITATION EXCESSIVE  NCA   EPAULE
M84.32;FRAC  PAR SOLLICITATION EXCESSIVE  NCA   BRAS
M84.33;FRAC  PAR SOLLICITATION EXCESSIVE  NCA   AVANT BRAS
M84.34;FRAC  PAR SOLLICITATION EXCESSIVE  NCA   MAIN
M84.35;FRAC  PAR SOLLICITATION EXCESSIVE  NCA   BASSIN  CUISSE
M84.36;FRAC  PAR SOLLICITATION EXCESSIVE  NCA   JAMBE
M84.37;FRAC  PAR SOLLICITATION EXCESSIVE  NCA   CHEV   PIED
M84.38;FRAC  PAR SOLLICITATION EXCESSIVE  NCA   AUTRES LOC 
M84.39;FRAC  PAR SOLLICITATION EXCESSIVE  NCA   LOC  SAI
M84.4;FRAC  PATHO   NCA
M84.40;FRAC  PATHO   NCA   SIEGES MULT 
M84.41;FRAC  PATHO   NCA   EPAULE
M84.42;FRAC  PATHO   NCA   BRAS
M84.43;FRAC  PATHO   NCA   AVANT BRAS
M84.44;FRAC  PATHO   NCA   MAIN
M84.45;FRAC  PATHO   NCA   BASSIN  CUISSE
M84.46;FRAC  PATHO   NCA   JAMBE
M84.47;FRAC  PATHO   NCA   CHEV   PIED
M84.48;FRAC  PATHO   NCA   AUTRES LOC 
M84.49;FRAC  PATHO   NCA   LOC  SAI
M84.8;ANOM  DE LA CONTINUITE OSSEUSE  NCA
M84.80;ANOM  DE LA CONTINUITE OSSEUSE  NCA   SIEGES MULT 
M84.81;ANOM  DE LA CONTINUITE OSSEUSE  NCA   EPAULE
M84.82;ANOM  DE LA CONTINUITE OSSEUSE  NCA   BRAS
M84.83;ANOM  DE LA CONTINUITE OSSEUSE  NCA   AVANT BRAS
M84.84;ANOM  DE LA CONTINUITE OSSEUSE  NCA   MAIN
M84.85;ANOM  DE LA CONTINUITE OSSEUSE  NCA   BASSIN  CUISSE
M84.86;ANOM  DE LA CONTINUITE OSSEUSE  NCA   JAMBE
M84.87;ANOM  DE LA CONTINUITE OSSEUSE  NCA   CHEV   PIED
M84.88;ANOM  DE LA CONTINUITE OSSEUSE  NCA   AUTRES LOC 
M84.89;ANOM  DE LA CONTINUITE OSSEUSE  NCA   LOC  SAI
M84.9;ANOM  DE LA CONTINUITE OSSEUSE  SAI
M84.90;ANOM  DE LA CONTINUITE OSSEUSE  SAI   SIEGES MULT 
M84.91;ANOM  DE LA CONTINUITE OSSEUSE  SAI   EPAULE
M84.92;ANOM  DE LA CONTINUITE OSSEUSE  SAI   BRAS
M84.93;ANOM  DE LA CONTINUITE OSSEUSE  SAI   AVANT BRAS
M84.94;ANOM  DE LA CONTINUITE OSSEUSE  SAI   MAIN
M84.95;ANOM  DE LA CONTINUITE OSSEUSE  SAI   BASSIN  CUISSE
M84.96;ANOM  DE LA CONTINUITE OSSEUSE  SAI   JAMBE
M84.97;ANOM  DE LA CONTINUITE OSSEUSE  SAI   CHEV   PIED
M84.98;ANOM  DE LA CONTINUITE OSSEUSE  SAI   AUTRES LOC 
M84.99;ANOM  DE LA CONTINUITE OSSEUSE  SAI   LOC  SAI
M85.0;DYSPLASIE FIBREUSE
M85.00;DYSPLASIE FIBREUSE   SIEGES MULT 
M85.01;DYSPLASIE FIBREUSE   EPAULE
M85.02;DYSPLASIE FIBREUSE   BRAS
M85.03;DYSPLASIE FIBREUSE   AVANT BRAS
M85.04;DYSPLASIE FIBREUSE   MAIN
M85.05;DYSPLASIE FIBREUSE   BASSIN  CUISSE
M85.06;DYSPLASIE FIBREUSE   JAMBE
M85.07;DYSPLASIE FIBREUSE   CHEV   PIED
M85.08;DYSPLASIE FIBREUSE   AUTRES LOC 
M85.09;DYSPLASIE FIBREUSE   LOC  SAI
M85.1;OSTEOSE FLUOREE
M85.10;OSTEOSE FLUOREE   SIEGES MULT 
M85.11;OSTEOSE FLUOREE   EPAULE
M85.12;OSTEOSE FLUOREE   BRAS
M85.13;OSTEOSE FLUOREE   AVANT BRAS
M85.14;OSTEOSE FLUOREE   MAIN
M85.15;OSTEOSE FLUOREE   BASSIN  CUISSE
M85.16;OSTEOSE FLUOREE   JAMBE
M85.17;OSTEOSE FLUOREE   CHEV   PIED
M85.18;OSTEOSE FLUOREE   AUTRES LOC 
M85.19;OSTEOSE FLUOREE   LOC  SAI
M85.2;HYPEROSTOSE DU CRANE
M85.28;HYPEROSTOSE DU CRANE   AUTRES LOC 
M85.3;OSTEITE CONDENSANTE
M85.30;OSTEITE CONDENSANTE   SIEGES MULT 
M85.31;OSTEITE CONDENSANTE   EPAULE
M85.32;OSTEITE CONDENSANTE   BRAS
M85.33;OSTEITE CONDENSANTE   AVANT BRAS
M85.34;OSTEITE CONDENSANTE   MAIN
M85.35;OSTEITE CONDENSANTE   BASSIN  CUISSE
M85.36;OSTEITE CONDENSANTE   JAMBE
M85.37;OSTEITE CONDENSANTE   CHEV   PIED
M85.38;OSTEITE CONDENSANTE   AUTRES LOC 
M85.39;OSTEITE CONDENSANTE   LOC  SAI
M85.4;KYSTE SOLITAIRE DES OS
M85.40;KYSTE SOLITAIRE DES OS   SIEGES MULT 
M85.41;KYSTE SOLITAIRE DES OS   EPAULE
M85.42;KYSTE SOLITAIRE DES OS   BRAS
M85.43;KYSTE SOLITAIRE DES OS   AVANT BRAS
M85.44;KYSTE SOLITAIRE DES OS   MAIN
M85.45;KYSTE SOLITAIRE DES OS   BASSIN  CUISSE
M85.46;KYSTE SOLITAIRE DES OS   JAMBE
M85.47;KYSTE SOLITAIRE DES OS   CHEV   PIED
M85.48;KYSTE SOLITAIRE DES OS   AUTRES LOC 
M85.49;KYSTE SOLITAIRE DES OS   LOC  SAI
M85.5;KYSTE ANEVRISMAL DES OS
M85.50;KYSTE ANEVRISMAL DES OS   SIEGES MULT 
M85.51;KYSTE ANEVRISMAL DES OS   EPAULE
M85.52;KYSTE ANEVRISMAL DES OS   BRAS
M85.53;KYSTE ANEVRISMAL DES OS   AVANT BRAS
M85.54;KYSTE ANEVRISMAL DES OS   MAIN
M85.55;KYSTE ANEVRISMAL DES OS   BASSIN  CUISSE
M85.56;KYSTE ANEVRISMAL DES OS   JAMBE
M85.57;KYSTE ANEVRISMAL DES OS   CHEV   PIED
M85.58;KYSTE ANEVRISMAL DES OS   AUTRES LOC 
M85.59;KYSTE ANEVRISMAL DES OS   LOC  SAI
M85.6;KYSTES OSSEUX  NCA
M85.60;KYSTES OSSEUX  NCA   SIEGES MULT 
M85.61;KYSTES OSSEUX  NCA   EPAULE
M85.62;KYSTES OSSEUX  NCA   BRAS
M85.63;KYSTES OSSEUX  NCA   AVANT BRAS
M85.64;KYSTES OSSEUX  NCA   MAIN
M85.65;KYSTES OSSEUX  NCA   BASSIN  CUISSE
M85.66;KYSTES OSSEUX  NCA   JAMBE
M85.67;KYSTES OSSEUX  NCA   CHEV   PIED
M85.68;KYSTES OSSEUX  NCA   AUTRES LOC 
M85.69;KYSTES OSSEUX  NCA   LOC  SAI
M85.8;ANOM  PREC  DE DENSITE ET STRUCTURE OS   NCA
M85.80;ANOM  PREC  DE DENSITE ET STRUCTURE OS   NCA   SIEGES MULT 
M85.81;ANOM  PREC  DE DENSITE ET STRUCTURE OS   NCA   EPAULE
M85.82;ANOM  PREC  DE DENSITE ET STRUCTURE OS   NCA   BRAS
M85.83;ANOM  PREC  DE DENSITE ET STRUCTURE OS   NCA   AVANT BRAS
M85.84;ANOM  PREC  DE DENSITE ET STRUCTURE OS   NCA   MAIN
M85.85;ANOM  PREC  DE DENSITE ET STRUCTURE OS   NCA   BASSIN  CUISSE
M85.86;ANOM  PREC  DE DENSITE ET STRUCTURE OS   NCA   JAMBE
M85.87;ANOM  PREC  DE DENSITE ET STRUCTURE OS   NCA   CHEV   PIED
M85.88;ANOM  PREC  DE DENSITE ET STRUCTURE OS   NCA   AUTRES LOC 
M85.89;ANOM  PREC  DE DENSITE ET STRUCTURE OS   NCA   LOC  SAI
M85.9;ANOM  DE DENSITE ET DE STRUCTURE OS   SAI
M85.90;ANOM  DE DENSITE ET DE STRUCTURE OS   SAI   SIEGES MULT 
M85.91;ANOM  DE DENSITE ET DE STRUCTURE OS   SAI   EPAULE
M85.92;ANOM  DE DENSITE ET DE STRUCTURE OS   SAI   BRAS
M85.93;ANOM  DE DENSITE ET DE STRUCTURE OS   SAI   AVANT BRAS
M85.94;ANOM  DE DENSITE ET DE STRUCTURE OS   SAI   MAIN
M85.95;ANOM  DE DENSITE ET DE STRUCTURE OS   SAI   BASSIN  CUISSE
M85.96;ANOM  DE DENSITE ET DE STRUCTURE OS   SAI   JAMBE
M85.97;ANOM  DE DENSITE ET DE STRUCTURE OS   SAI   CHEV   PIED
M85.98;ANOM  DE DENSITE ET DE STRUCTURE OS   SAI   AUTRES LOC 
M85.99;ANOM  DE DENSITE ET DE STRUCTURE OS   SAI   LOC  SAI
M86.0;OSTEOMYELITE HEMATOGENE AIG 
M86.00;OSTEOMYELITE HEMATOGENE AIG    SIEGES MULT 
M86.01;OSTEOMYELITE HEMATOGENE AIG    EPAULE
M86.02;OSTEOMYELITE HEMATOGENE AIG    BRAS
M86.03;OSTEOMYELITE HEMATOGENE AIG    AVANT BRAS
M86.04;OSTEOMYELITE HEMATOGENE AIG    MAIN
M86.05;OSTEOMYELITE HEMATOGENE AIG    BASSIN  CUISSE
M86.06;OSTEOMYELITE HEMATOGENE AIG    JAMBE
M86.07;OSTEOMYELITE HEMATOGENE AIG    CHEV   PIED
M86.08;OSTEOMYELITE HEMATOGENE AIG    AUTRES LOC 
M86.09;OSTEOMYELITE HEMATOGENE AIG    LOC  SAI
M86.1;OSTEOMYELITES AIG   NCA
M86.10;OSTEOMYELITES AIG   NCA   SIEGES MULT 
M86.11;OSTEOMYELITES AIG   NCA   EPAULE
M86.12;OSTEOMYELITES AIG   NCA   BRAS
M86.13;OSTEOMYELITES AIG   NCA   AVANT BRAS
M86.14;OSTEOMYELITES AIG   NCA   MAIN
M86.15;OSTEOMYELITES AIG   NCA   BASSIN  CUISSE
M86.16;OSTEOMYELITES AIG   NCA   JAMBE
M86.17;OSTEOMYELITES AIG   NCA   CHEV   PIED
M86.18;OSTEOMYELITES AIG   NCA   AUTRES LOC 
M86.19;OSTEOMYELITES AIG   NCA   LOC  SAI
M86.2;OSTEOMYELITE SUBAIG 
M86.20;OSTEOMYELITE SUBAIG    SIEGES MULT 
M86.21;OSTEOMYELITE SUBAIG    EPAULE
M86.22;OSTEOMYELITE SUBAIG    BRAS
M86.23;OSTEOMYELITE SUBAIG    AVANT BRAS
M86.24;OSTEOMYELITE SUBAIG    MAIN
M86.25;OSTEOMYELITE SUBAIG    BASSIN  CUISSE
M86.26;OSTEOMYELITE SUBAIG    JAMBE
M86.27;OSTEOMYELITE SUBAIG    CHEV   PIED
M86.28;OSTEOMYELITE SUBAIG    AUTRES LOC 
M86.29;OSTEOMYELITE SUBAIG    LOC  SAI
M86.3;OSTEOMYELITE CHRON  MULT 
M86.30;OSTEOMYELITE CHRON  MULT    SIEGES MULT 
M86.31;OSTEOMYELITE CHRON  MULT    EPAULE
M86.32;OSTEOMYELITE CHRON  MULT    BRAS
M86.33;OSTEOMYELITE CHRON  MULT    AVANT BRAS
M86.34;OSTEOMYELITE CHRON  MULT    MAIN
M86.35;OSTEOMYELITE CHRON  MULT    BASSIN  CUISSE
M86.36;OSTEOMYELITE CHRON  MULT    JAMBE
M86.37;OSTEOMYELITE CHRON  MULT    CHEV   PIED
M86.38;OSTEOMYELITE CHRON  MULT    AUTRES LOC 
M86.39;OSTEOMYELITE CHRON  MULT    LOC  SAI
M86.4;OSTEOMYELITE CHRON  AVEC FISTULE DE DRAINAGE
M86.40;OSTEOMYELITE CHRON  AVEC FISTULE DE DRAINAGE   SIEGES MULT 
M86.41;OSTEOMYELITE CHRON  AVEC FISTULE DE DRAINAGE   EPAULE
M86.42;OSTEOMYELITE CHRON  AVEC FISTULE DE DRAINAGE   BRAS
M86.43;OSTEOMYELITE CHRON  AVEC FISTULE DE DRAINAGE   AVANT BRAS
M86.44;OSTEOMYELITE CHRON  AVEC FISTULE DE DRAINAGE   MAIN
M86.45;OSTEOMYELITE CHRON  AVEC FISTULE DE DRAINAGE   BASSIN  CUISSE
M86.46;OSTEOMYELITE CHRON  AVEC FISTULE DE DRAINAGE   JAMBE
M86.47;OSTEOMYELITE CHRON  AVEC FISTULE DE DRAINAGE   CHEV   PIED
M86.48;OSTEOMYELITE CHRON  AVEC FISTULE DE DRAINAGE   AUTRES LOC 
M86.49;OSTEOMYELITE CHRON  AVEC FISTULE DE DRAINAGE   LOC  SAI
M86.5;OSTEOMYELITES HEMATOGENES CHRON   NCA
M86.50;OSTEOMYELITES HEMATOGENES CHRON   NCA   SIEGES MULT 
M86.51;OSTEOMYELITES HEMATOGENES CHRON   NCA   EPAULE
M86.52;OSTEOMYELITES HEMATOGENES CHRON   NCA   BRAS
M86.53;OSTEOMYELITES HEMATOGENES CHRON   NCA   AVANT BRAS
M86.54;OSTEOMYELITES HEMATOGENES CHRON   NCA   MAIN
M86.55;OSTEOMYELITES HEMATOGENES CHRON   NCA   BASSIN  CUISSE
M86.56;OSTEOMYELITES HEMATOGENES CHRON   NCA   JAMBE
M86.57;OSTEOMYELITES HEMATOGENES CHRON   NCA   CHEV   PIED
M86.58;OSTEOMYELITES HEMATOGENES CHRON   NCA   AUTRES LOC 
M86.59;OSTEOMYELITES HEMATOGENES CHRON   NCA   LOC  SAI
M86.6;OSTEOMYELITES CHRON   NCA
M86.60;OSTEOMYELITES CHRON   NCA   SIEGES MULT 
M86.61;OSTEOMYELITES CHRON   NCA   EPAULE
M86.62;OSTEOMYELITES CHRON   NCA   BRAS
M86.63;OSTEOMYELITES CHRON   NCA   AVANT BRAS
M86.64;OSTEOMYELITES CHRON   NCA   MAIN
M86.65;OSTEOMYELITES CHRON   NCA   BASSIN  CUISSE
M86.66;OSTEOMYELITES CHRON   NCA   JAMBE
M86.67;OSTEOMYELITES CHRON   NCA   CHEV   PIED
M86.68;OSTEOMYELITES CHRON   NCA   AUTRES LOC 
M86.69;OSTEOMYELITES CHRON   NCA   LOC  SAI
M86.8;OSTEOMYELITES  NCA
M86.80;OSTEOMYELITES  NCA   SIEGES MULT 
M86.81;OSTEOMYELITES  NCA   EPAULE
M86.82;OSTEOMYELITES  NCA   BRAS
M86.83;OSTEOMYELITES  NCA   AVANT BRAS
M86.84;OSTEOMYELITES  NCA   MAIN
M86.85;OSTEOMYELITES  NCA   BASSIN  CUISSE
M86.86;OSTEOMYELITES  NCA   JAMBE
M86.87;OSTEOMYELITES  NCA   CHEV   PIED
M86.88;OSTEOMYELITES  NCA   AUTRES LOC 
M86.89;OSTEOMYELITES  NCA   LOC  SAI
M86.9;OSTEOMYELITE  SAI
M86.90;OSTEOMYELITE  SAI   SIEGES MULT 
M86.91;OSTEOMYELITE  SAI   EPAULE
M86.92;OSTEOMYELITE  SAI   BRAS
M86.93;OSTEOMYELITE  SAI   AVANT BRAS
M86.94;OSTEOMYELITE  SAI   MAIN
M86.95;OSTEOMYELITE  SAI   BASSIN  CUISSE
M86.96;OSTEOMYELITE  SAI   JAMBE
M86.97;OSTEOMYELITE  SAI   CHEV   PIED
M86.98;OSTEOMYELITE  SAI   AUTRES LOC 
M86.99;OSTEOMYELITE  SAI   LOC  SAI
M87.0;OSTEONECROSE ASEPTIQUE IDIOP 
M87.00;OSTEONECROSE ASEPTIQUE IDIOP    SIEGES MULT 
M87.01;OSTEONECROSE ASEPTIQUE IDIOP    EPAULE
M87.02;OSTEONECROSE ASEPTIQUE IDIOP    BRAS
M87.03;OSTEONECROSE ASEPTIQUE IDIOP    AVANT BRAS
M87.04;OSTEONECROSE ASEPTIQUE IDIOP    MAIN
M87.05;OSTEONECROSE ASEPTIQUE IDIOP    BASSIN  CUISSE
M87.06;OSTEONECROSE ASEPTIQUE IDIOP    JAMBE
M87.07;OSTEONECROSE ASEPTIQUE IDIOP    CHEV   PIED
M87.08;OSTEONECROSE ASEPTIQUE IDIOP    AUTRES LOC 
M87.09;OSTEONECROSE ASEPTIQUE IDIOP    LOC  SAI
M87.1;OSTEONECROSE MEDICAM 
M87.10;OSTEONECROSE MEDICAM    SIEGES MULT 
M87.11;OSTEONECROSE MEDICAM    EPAULE
M87.12;OSTEONECROSE MEDICAM    BRAS
M87.13;OSTEONECROSE MEDICAM    AVANT BRAS
M87.14;OSTEONECROSE MEDICAM    MAIN
M87.15;OSTEONECROSE MEDICAM    BASSIN  CUISSE
M87.16;OSTEONECROSE MEDICAM    JAMBE
M87.17;OSTEONECROSE MEDICAM    CHEV   PIED
M87.18;OSTEONECROSE MEDICAM    AUTRES LOC 
M87.19;OSTEONECROSE MEDICAM    LOC  SAI
M87.2;OSTEONECROSE DUE A UN TRAUMA  ANT 
M87.20;OSTEONECROSE DUE A UN TRAUMA  ANT    SIEGES MULT 
M87.21;OSTEONECROSE DUE A UN TRAUMA  ANT    EPAULE
M87.22;OSTEONECROSE DUE A UN TRAUMA  ANT    BRAS
M87.23;OSTEONECROSE DUE A UN TRAUMA  ANT    AVANT BRAS
M87.24;OSTEONECROSE DUE A UN TRAUMA  ANT    MAIN
M87.25;OSTEONECROSE DUE A UN TRAUMA  ANT    BASSIN  CUISSE
M87.26;OSTEONECROSE DUE A UN TRAUMA  ANT    JAMBE
M87.27;OSTEONECROSE DUE A UN TRAUMA  ANT    CHEV   PIED
M87.28;OSTEONECROSE DUE A UN TRAUMA  ANT    AUTRES LOC 
M87.29;OSTEONECROSE DUE A UN TRAUMA  ANT    LOC  SAI
M87.3;OSTEONECROSES IIRE   NCA
M87.30;OSTEONECROSES IIRE   NCA   SIEGES MULT 
M87.31;OSTEONECROSES IIRE   NCA   EPAULE
M87.32;OSTEONECROSES IIRE   NCA   BRAS
M87.33;OSTEONECROSES IIRE   NCA   AVANT BRAS
M87.34;OSTEONECROSES IIRE   NCA   MAIN
M87.35;OSTEONECROSES IIRE   NCA   BASSIN  CUISSE
M87.36;OSTEONECROSES IIRE   NCA   JAMBE
M87.37;OSTEONECROSES IIRE   NCA   CHEV   PIED
M87.38;OSTEONECROSES IIRE   NCA   AUTRES LOC 
M87.39;OSTEONECROSES IIRE   NCA   LOC  SAI
M87.8;OSTEONECROSES  NCA
M87.80;OSTEONECROSES  NCA   SIEGES MULT 
M87.81;OSTEONECROSES  NCA   EPAULE
M87.82;OSTEONECROSES  NCA   BRAS
M87.83;OSTEONECROSES  NCA   AVANT BRAS
M87.84;OSTEONECROSES  NCA   MAIN
M87.85;OSTEONECROSES  NCA   BASSIN  CUISSE
M87.86;OSTEONECROSES  NCA   JAMBE
M87.87;OSTEONECROSES  NCA   CHEV   PIED
M87.88;OSTEONECROSES  NCA   AUTRES LOC 
M87.89;OSTEONECROSES  NCA   LOC  SAI
M87.9;OSTEONECROSE  SAI
M87.90;OSTEONECROSE  SAI   SIEGES MULT 
M87.91;OSTEONECROSE  SAI   EPAULE
M87.92;OSTEONECROSE  SAI   BRAS
M87.93;OSTEONECROSE  SAI   AVANT BRAS
M87.94;OSTEONECROSE  SAI   MAIN
M87.95;OSTEONECROSE  SAI   BASSIN  CUISSE
M87.96;OSTEONECROSE  SAI   JAMBE
M87.97;OSTEONECROSE  SAI   CHEV   PIED
M87.98;OSTEONECROSE  SAI   AUTRES LOC 
M87.99;OSTEONECROSE  SAI   LOC  SAI
M88.0;MAL  DE PAGET DU CRANE
M88.8;MAL  DE PAGET D AUTRES OS
M88.80;MAL  DE PAGET D AUTRES OS   SIEGES MULT 
M88.81;MAL  DE PAGET D AUTRES OS   EPAULE
M88.82;MAL  DE PAGET D AUTRES OS   BRAS
M88.83;MAL  DE PAGET D AUTRES OS   AVANT BRAS
M88.84;MAL  DE PAGET D AUTRES OS   MAIN
M88.85;MAL  DE PAGET D AUTRES OS   BASSIN  CUISSE
M88.86;MAL  DE PAGET D AUTRES OS   JAMBE
M88.87;MAL  DE PAGET D AUTRES OS   CHEV   PIED
M88.88;MAL  DE PAGET D AUTRES OS   AUTRES LOC 
M88.9;MAL  OSSEUSE DE PAGET  SAI
M88.90;MAL  OSSEUSE DE PAGET  SAI   SIEGES MULT 
M88.99;MAL  OSSEUSE DE PAGET  SAI   LOC  SAI
M89.0;ALGONEURODYSTROPHIE
M89.00;ALGONEURODYSTROPHIE   SIEGES MULT 
M89.01;ALGONEURODYSTROPHIE   EPAULE
M89.02;ALGONEURODYSTROPHIE   BRAS
M89.03;ALGONEURODYSTROPHIE   AVANT BRAS
M89.04;ALGONEURODYSTROPHIE   MAIN
M89.05;ALGONEURODYSTROPHIE   BASSIN  CUISSE
M89.06;ALGONEURODYSTROPHIE   JAMBE
M89.07;ALGONEURODYSTROPHIE   CHEV   PIED
M89.08;ALGONEURODYSTROPHIE   AUTRES LOC 
M89.09;ALGONEURODYSTROPHIE   LOC  SAI
M89.1;ARRET EPIPHYSAIRE
M89.10;ARRET EPIPHYSAIRE   SIEGES MULT 
M89.11;ARRET EPIPHYSAIRE   EPAULE
M89.12;ARRET EPIPHYSAIRE   BRAS
M89.13;ARRET EPIPHYSAIRE   AVANT BRAS
M89.14;ARRET EPIPHYSAIRE   MAIN
M89.15;ARRET EPIPHYSAIRE   BASSIN  CUISSE
M89.16;ARRET EPIPHYSAIRE   JAMBE
M89.17;ARRET EPIPHYSAIRE   CHEV   PIED
M89.19;ARRET EPIPHYSAIRE   LOC  SAI
M89.2;TBL  DE LA CROISSANCE ET DU DEVELOP  OSSEUX  NCA
M89.20;TBL  DE LA CROISSANCE ET DU DEVELOP  OSSEUX  NCA   SIEGES MULT 
M89.21;TBL  DE LA CROISSANCE ET DU DEVELOP  OSSEUX  NCA   EPAULE
M89.22;TBL  DE LA CROISSANCE ET DU DEVELOP  OSSEUX  NCA   BRAS
M89.23;TBL  DE LA CROISSANCE ET DU DEVELOP  OSSEUX  NCA   AVANT BRAS
M89.24;TBL  DE LA CROISSANCE ET DU DEVELOP  OSSEUX  NCA   MAIN
M89.25;TBL  DE LA CROISSANCE ET DU DEVELOP  OSSEUX  NCA   BASSIN  CUISSE
M89.26;TBL  DE LA CROISSANCE ET DU DEVELOP  OSSEUX  NCA   JAMBE
M89.27;TBL  DE LA CROISSANCE ET DU DEVELOP  OSSEUX  NCA   CHEV   PIED
M89.28;TBL  DE LA CROISSANCE ET DU DEVELOP  OSSEUX  NCA   AUTRES LOC 
M89.29;TBL  DE LA CROISSANCE ET DU DEVELOP  OSSEUX  NCA   LOC  SAI
M89.3;HYPERTROPHIE OSSEUSE
M89.30;HYPERTROPHIE OSSEUSE   SIEGES MULT 
M89.31;HYPERTROPHIE OSSEUSE   EPAULE
M89.32;HYPERTROPHIE OSSEUSE   BRAS
M89.33;HYPERTROPHIE OSSEUSE   AVANT BRAS
M89.34;HYPERTROPHIE OSSEUSE   MAIN
M89.35;HYPERTROPHIE OSSEUSE   BASSIN  CUISSE
M89.36;HYPERTROPHIE OSSEUSE   JAMBE
M89.37;HYPERTROPHIE OSSEUSE   CHEV   PIED
M89.38;HYPERTROPHIE OSSEUSE   AUTRES LOC 
M89.39;HYPERTROPHIE OSSEUSE   LOC  SAI
M89.4;OSTEOARTHROPATHIES HYPERTROPHIANTES  NCA
M89.40;OSTEOARTHROPATHIES HYPERTROPHIANTES  NCA   SIEGES MULT 
M89.41;OSTEOARTHROPATHIES HYPERTROPHIANTES  NCA   EPAULE
M89.42;OSTEOARTHROPATHIES HYPERTROPHIANTES  NCA   BRAS
M89.43;OSTEOARTHROPATHIES HYPERTROPHIANTES  NCA   AVANT BRAS
M89.44;OSTEOARTHROPATHIES HYPERTROPHIANTES  NCA   MAIN
M89.45;OSTEOARTHROPATHIES HYPERTROPHIANTES  NCA   BASSIN  CUISSE
M89.46;OSTEOARTHROPATHIES HYPERTROPHIANTES  NCA   JAMBE
M89.47;OSTEOARTHROPATHIES HYPERTROPHIANTES  NCA   CHEV   PIED
M89.48;OSTEOARTHROPATHIES HYPERTROPHIANTES  NCA   AUTRES LOC 
M89.49;OSTEOARTHROPATHIES HYPERTROPHIANTES  NCA   LOC  SAI
M89.5;OSTEOLYSE
M89.50;OSTEOLYSE   SIEGES MULT 
M89.51;OSTEOLYSE   EPAULE
M89.52;OSTEOLYSE   BRAS
M89.53;OSTEOLYSE   AVANT BRAS
M89.54;OSTEOLYSE   MAIN
M89.55;OSTEOLYSE   BASSIN  CUISSE
M89.56;OSTEOLYSE   JAMBE
M89.57;OSTEOLYSE   CHEV   PIED
M89.58;OSTEOLYSE   AUTRES LOC 
M89.59;OSTEOLYSE   LOC  SAI
M89.6;OSTEOPATHIE CONSEC  A UNE POLIO 
M89.60;OSTEOPATHIE CONSEC  A UNE POLIO    SIEGES MULT 
M89.61;OSTEOPATHIE CONSEC  A UNE POLIO    EPAULE
M89.62;OSTEOPATHIE CONSEC  A UNE POLIO    BRAS
M89.63;OSTEOPATHIE CONSEC  A UNE POLIO    AVANT BRAS
M89.64;OSTEOPATHIE CONSEC  A UNE POLIO    MAIN
M89.65;OSTEOPATHIE CONSEC  A UNE POLIO    BASSIN  CUISSE
M89.66;OSTEOPATHIE CONSEC  A UNE POLIO    JAMBE
M89.67;OSTEOPATHIE CONSEC  A UNE POLIO    CHEV   PIED
M89.68;OSTEOPATHIE CONSEC  A UNE POLIO    AUTRES LOC 
M89.69;OSTEOPATHIE CONSEC  A UNE POLIO    LOC  SAI
M89.8;MAL  OSSEUSES PREC   NCA
M89.80;MAL  OSSEUSES PREC   NCA   SIEGES MULT 
M89.81;MAL  OSSEUSES PREC   NCA   EPAULE
M89.82;MAL  OSSEUSES PREC   NCA   BRAS
M89.83;MAL  OSSEUSES PREC   NCA   AVANT BRAS
M89.84;MAL  OSSEUSES PREC   NCA   MAIN
M89.85;MAL  OSSEUSES PREC   NCA   BASSIN  CUISSE
M89.86;MAL  OSSEUSES PREC   NCA   JAMBE
M89.87;MAL  OSSEUSES PREC   NCA   CHEV   PIED
M89.88;MAL  OSSEUSES PREC   NCA   AUTRES LOC 
M89.89;MAL  OSSEUSES PREC   NCA   LOC  SAI
M90.0;TUBERC  OSSEUSE
M90.00;TUBERC  OSSEUSE   SIEGES MULT 
M90.01;TUBERC  OSSEUSE   EPAULE
M90.02;TUBERC  OSSEUSE   BRAS
M90.03;TUBERC  OSSEUSE   AVANT BRAS
M90.04;TUBERC  OSSEUSE   MAIN
M90.05;TUBERC  OSSEUSE   BASSIN  CUISSE
M90.06;TUBERC  OSSEUSE   JAMBE
M90.07;TUBERC  OSSEUSE   CHEV   PIED
M90.08;TUBERC  OSSEUSE   AUTRES LOC 
M90.09;TUBERC  OSSEUSE   LOC  SAI
M90.1;PERIOSTITE AVEC AUTRES MAL  INFECT  CL  AILL 
M90.10;PERIOSTITE AVEC AUTRES MAL  INFECT  CL  AILL    SIEGES MULT 
M90.11;PERIOSTITE AVEC AUTRES MAL  INFECT  CL  AILL    EPAULE
M90.12;PERIOSTITE AVEC AUTRES MAL  INFECT  CL  AILL    BRAS
M90.13;PERIOSTITE AVEC AUTRES MAL  INFECT  CL  AILL    AVANT BRAS
M90.14;PERIOSTITE AVEC AUTRES MAL  INFECT  CL  AILL    MAIN
M90.15;PERIOSTITE AVEC AUTRES MAL  INFECT  CL  AILL    BASSIN  CUISSE
M90.16;PERIOSTITE AVEC AUTRES MAL  INFECT  CL  AILL    JAMBE
M90.17;PERIOSTITE AVEC AUTRES MAL  INFECT  CL  AILL    CHEV   PIED
M90.18;PERIOSTITE AVEC AUTRES MAL  INFECT  CL  AILL    AUTRES LOC 
M90.19;PERIOSTITE AVEC AUTRES MAL  INFECT  CL  AILL    LOC  SAI
M90.2;OSTEOPATHIE AVEC AUTRES MAL  INFECT  CL  AILL 
M90.20;OSTEOPATHIE AVEC AUTRES MAL  INFECT  CL  AILL    SIEGES MULT 
M90.21;OSTEOPATHIE AVEC AUTRES MAL  INFECT  CL  AILL    EPAULE
M90.22;OSTEOPATHIE AVEC AUTRES MAL  INFECT  CL  AILL    BRAS
M90.23;OSTEOPATHIE AVEC AUTRES MAL  INFECT  CL  AILL    AVANT BRAS
M90.24;OSTEOPATHIE AVEC AUTRES MAL  INFECT  CL  AILL    MAIN
M90.25;OSTEOPATHIE AVEC AUTRES MAL  INFECT  CL  AILL    BASSIN  CUISSE
M90.26;OSTEOPATHIE AVEC AUTRES MAL  INFECT  CL  AILL    JAMBE
M90.27;OSTEOPATHIE AVEC AUTRES MAL  INFECT  CL  AILL    CHEV   PIED
M90.28;OSTEOPATHIE AVEC AUTRES MAL  INFECT  CL  AILL    AUTRES LOC 
M90.29;OSTEOPATHIE AVEC AUTRES MAL  INFECT  CL  AILL    LOC  SAI
M90.3;OSTEONECROSE DE LA MAL  DES CAISSONS
M90.30;OSTEONECROSE DE LA MAL  DES CAISSONS   SIEGES MULT 
M90.31;OSTEONECROSE DE LA MAL  DES CAISSONS   EPAULE
M90.32;OSTEONECROSE DE LA MAL  DES CAISSONS   BRAS
M90.33;OSTEONECROSE DE LA MAL  DES CAISSONS   AVANT BRAS
M90.34;OSTEONECROSE DE LA MAL  DES CAISSONS   MAIN
M90.35;OSTEONECROSE DE LA MAL  DES CAISSONS   BASSIN  CUISSE
M90.36;OSTEONECROSE DE LA MAL  DES CAISSONS   JAMBE
M90.37;OSTEONECROSE DE LA MAL  DES CAISSONS   CHEV   PIED
M90.38;OSTEONECROSE DE LA MAL  DES CAISSONS   AUTRES LOC 
M90.39;OSTEONECROSE DE LA MAL  DES CAISSONS   LOC  SAI
M90.4;OSTEONECROSE DUE A UNE HEMOGLOBINOPATHIE
M90.40;OSTEONECROSE DUE A UNE HEMOGLOBINOPATHIE   SIEGES MULT 
M90.41;OSTEONECROSE DUE A UNE HEMOGLOBINOPATHIE   EPAULE
M90.42;OSTEONECROSE DUE A UNE HEMOGLOBINOPATHIE   BRAS
M90.43;OSTEONECROSE DUE A UNE HEMOGLOBINOPATHIE   AVANT BRAS
M90.44;OSTEONECROSE DUE A UNE HEMOGLOBINOPATHIE   MAIN
M90.45;OSTEONECROSE DUE A UNE HEMOGLOBINOPATHIE   BASSIN  CUISSE
M90.46;OSTEONECROSE DUE A UNE HEMOGLOBINOPATHIE   JAMBE
M90.47;OSTEONECROSE DUE A UNE HEMOGLOBINOPATHIE   CHEV   PIED
M90.48;OSTEONECROSE DUE A UNE HEMOGLOBINOPATHIE   AUTRES LOC 
M90.49;OSTEONECROSE DUE A UNE HEMOGLOBINOPATHIE   LOC  SAI
M90.5;OSTEONECROSE AVEC AUTRES MAL  CL  AILL 
M90.50;OSTEONECROSE AVEC AUTRES MAL  CL  AILL    SIEGES MULT 
M90.51;OSTEONECROSE AVEC AUTRES MAL  CL  AILL    EPAULE
M90.52;OSTEONECROSE AVEC AUTRES MAL  CL  AILL    BRAS
M90.53;OSTEONECROSE AVEC AUTRES MAL  CL  AILL    AVANT BRAS
M90.54;OSTEONECROSE AVEC AUTRES MAL  CL  AILL    MAIN
M90.55;OSTEONECROSE AVEC AUTRES MAL  CL  AILL    BASSIN  CUISSE
M90.56;OSTEONECROSE AVEC AUTRES MAL  CL  AILL    JAMBE
M90.57;OSTEONECROSE AVEC AUTRES MAL  CL  AILL    CHEV   PIED
M90.58;OSTEONECROSE AVEC AUTRES MAL  CL  AILL    AUTRES LOC 
M90.59;OSTEONECROSE AVEC AUTRES MAL  CL  AILL    LOC  SAI
M90.6;OSTEITE DEFORMANTE AVEC MAL  TUMORALES
M90.60;OSTEITE DEFORMANTE AVEC MAL  TUMORALES   SIEGES MULT 
M90.61;OSTEITE DEFORMANTE AVEC MAL  TUMORALES   EPAULE
M90.62;OSTEITE DEFORMANTE AVEC MAL  TUMORALES   BRAS
M90.63;OSTEITE DEFORMANTE AVEC MAL  TUMORALES   AVANT BRAS
M90.64;OSTEITE DEFORMANTE AVEC MAL  TUMORALES   MAIN
M90.65;OSTEITE DEFORMANTE AVEC MAL  TUMORALES   BASSIN  CUISSE
M90.66;OSTEITE DEFORMANTE AVEC MAL  TUMORALES   JAMBE
M90.67;OSTEITE DEFORMANTE AVEC MAL  TUMORALES   CHEV   PIED
M90.68;OSTEITE DEFORMANTE AVEC MAL  TUMORALES   AUTRES LOC 
M90.69;OSTEITE DEFORMANTE AVEC MAL  TUMORALES   LOC  SAI
M90.7;FRAC  OSSEUSE AVEC MAL  TUMORALES
M90.70;FRAC  OSSEUSE AVEC MAL  TUMORALES   SIEGES MULT 
M90.71;FRAC  OSSEUSE AVEC MAL  TUMORALES   EPAULE
M90.72;FRAC  OSSEUSE AVEC MAL  TUMORALES   BRAS
M90.73;FRAC  OSSEUSE AVEC MAL  TUMORALES   AVANT BRAS
M90.74;FRAC  OSSEUSE AVEC MAL  TUMORALES   MAIN
M90.75;FRAC  OSSEUSE AVEC MAL  TUMORALES   BASSIN  CUISSE
M90.76;FRAC  OSSEUSE AVEC MAL  TUMORALES   JAMBE
M90.77;FRAC  OSSEUSE AVEC MAL  TUMORALES   CHEV   PIED
M90.78;FRAC  OSSEUSE AVEC MAL  TUMORALES   AUTRES LOC 
M90.79;FRAC  OSSEUSE AVEC MAL  TUMORALES   LOC  SAI
M90.8;OSTEOPATHIE AVEC AUTRES MAL  CL  AILL 
M90.80;OSTEOPATHIE AVEC AUTRES MAL  CL  AILL    SIEGES MULT 
M90.81;OSTEOPATHIE AVEC AUTRES MAL  CL  AILL    EPAULE
M90.82;OSTEOPATHIE AVEC AUTRES MAL  CL  AILL    BRAS
M90.83;OSTEOPATHIE AVEC AUTRES MAL  CL  AILL    AVANT BRAS
M90.84;OSTEOPATHIE AVEC AUTRES MAL  CL  AILL    MAIN
M90.85;OSTEOPATHIE AVEC AUTRES MAL  CL  AILL    BASSIN  CUISSE
M90.86;OSTEOPATHIE AVEC AUTRES MAL  CL  AILL    JAMBE
M90.87;OSTEOPATHIE AVEC AUTRES MAL  CL  AILL    CHEV   PIED
M90.88;OSTEOPATHIE AVEC AUTRES MAL  CL  AILL    AUTRES LOC 
M90.89;OSTEOPATHIE AVEC AUTRES MAL  CL  AILL    LOC  SAI
M91.0;OSTEOCHONDRITE JUV  DU BASSIN
M91.05;OSTEOCHONDRITE JUV  DU BASSIN   BASSIN  CUISSE
M91.1;OSTEOCHONDRITE JUV  DE LA TETE DU FEMUR
M91.15;OSTEOCHONDRITE JUV  DE LA TETE DU FEMUR   BASSIN  CUISSE
M91.2;COXA PLANA
M91.25;COXA PLANA   BASSIN  CUISSE
M91.3;PSEUDOCOXALGIE
M91.35;PSEUDOCOXALGIE   BASSIN  CUISSE
M91.8;OSTEOCHONDRITES JUV  DE LA HANCHE ET DU BASSIN  NCA
M91.85;OSTEOCHONDRITES JUV  DE LA HANCHE ET DU BASSIN  NCA   BASSIN  CUISSE
M91.9;OSTEOCHONDRITE JUV  DE LA HANCHE ET DU BASSIN  SAI
M91.95;OSTEOCHONDRITE JUV  DE LA HANCHE ET DU BASSIN  SAI   BASSIN  CUISSE
M92.0;OSTEOCHONDRITE JUV  DE L HUMERUS
M92.1;OSTEOCHONDRITE JUV  DU RADIUS ET DU CUBITUS
M92.2;OSTEOCHONDRITE JUV  DE LA MAIN
M92.3;OSTEOCHONDRITES JUV  DU MB  SUP   NCA
M92.4;OSTEOCHONDRITE JUV  DE LA ROTULE
M92.5;OSTEOCHONDRITE JUV  DU TIBIA ET DU PERONE
M92.6;OSTEOCHONDRITE JUV  DU TARSE
M92.7;OSTEOCHONDRITE JUV  DU METATARSE
M92.8;OSTEOCHONDRITES JUV  PREC   NCA
M92.9;OSTEOCHONDRITE JUV   SAI
M93.0;EPIPHYSIOLYSE DE LA TETE FEMORALE
M93.1;MAL  DE KIENBOCK DE L ADULTE
M93.2;OSTEOCHONDRITE DISSEQUANTE
M93.8;OSTEOCHONDROPATHIES PREC   NCA
M93.9;OSTEOCHONDROPATHIE  SAI
M94.0;SYND  DES ARTIC  CHONDRO COSTALES
M94.08;SYND  DES ARTIC  CHONDRO COSTALES   AUTRES LOC 
M94.1;POLYCHONDRITE RECIDIVANTE
M94.10;POLYCHONDRITE RECIDIVANTE   SIEGES MULT 
M94.11;POLYCHONDRITE RECIDIVANTE   EPAULE
M94.12;POLYCHONDRITE RECIDIVANTE   BRAS
M94.13;POLYCHONDRITE RECIDIVANTE   AVANT BRAS
M94.14;POLYCHONDRITE RECIDIVANTE   MAIN
M94.15;POLYCHONDRITE RECIDIVANTE   BASSIN  CUISSE
M94.16;POLYCHONDRITE RECIDIVANTE   JAMBE
M94.17;POLYCHONDRITE RECIDIVANTE   CHEV   PIED
M94.18;POLYCHONDRITE RECIDIVANTE   AUTRES LOC 
M94.19;POLYCHONDRITE RECIDIVANTE   LOC  SAI
M94.2;CHONDROMALACIE
M94.20;CHONDROMALACIE   SIEGES MULT 
M94.21;CHONDROMALACIE   EPAULE
M94.22;CHONDROMALACIE   BRAS
M94.23;CHONDROMALACIE   AVANT BRAS
M94.24;CHONDROMALACIE   MAIN
M94.25;CHONDROMALACIE   BASSIN  CUISSE
M94.26;CHONDROMALACIE   JAMBE
M94.27;CHONDROMALACIE   CHEV   PIED
M94.28;CHONDROMALACIE   AUTRES LOC 
M94.29;CHONDROMALACIE   LOC  SAI
M94.3;CHONDROLYSE
M94.30;CHONDROLYSE   SIEGES MULT 
M94.31;CHONDROLYSE   EPAULE
M94.32;CHONDROLYSE   BRAS
M94.33;CHONDROLYSE   AVANT BRAS
M94.34;CHONDROLYSE   MAIN
M94.35;CHONDROLYSE   BASSIN  CUISSE
M94.36;CHONDROLYSE   JAMBE
M94.37;CHONDROLYSE   CHEV   PIED
M94.38;CHONDROLYSE   AUTRES LOC 
M94.39;CHONDROLYSE   LOC  SAI
M94.8;AFF  PREC  DU CARTILAGE  NCA
M94.80;AFF  PREC  DU CARTILAGE  NCA   SIEGES MULT 
M94.81;AFF  PREC  DU CARTILAGE  NCA   EPAULE
M94.82;AFF  PREC  DU CARTILAGE  NCA   BRAS
M94.83;AFF  PREC  DU CARTILAGE  NCA   AVANT BRAS
M94.84;AFF  PREC  DU CARTILAGE  NCA   MAIN
M94.85;AFF  PREC  DU CARTILAGE  NCA   BASSIN  CUISSE
M94.86;AFF  PREC  DU CARTILAGE  NCA   JAMBE
M94.87;AFF  PREC  DU CARTILAGE  NCA   CHEV   PIED
M94.88;AFF  PREC  DU CARTILAGE  NCA   AUTRES LOC 
M94.89;AFF  PREC  DU CARTILAGE  NCA   LOC  SAI
M95.2;DEFORM  DE LA TETE  NCA
M95.3;DEFORM  DU COU
M95.4;DEFORM  DU THOR  ET DES COTES
M95.5;DEFORM  DU BASSIN
M95.8;DEFORM  PREC  SYST  OSTEO ARTIC   MUSCLES ET TISSU CONJ   NCA
M95.9;DEFORM  DU SYST  OSTEO ARTIC   DES MUSCLES ET DU TISSU CONJ   SAI
M96.0;PSEUDARTHROSE APRES ARTHRODESE
M96.1;SYND  POST LAMINECTOMIE  NCA
M96.2;CYPHOSE APRES IRRAD 
M96.3;CYPHOSE APRES LAMINECTOMIE
M96.4;LORDOSE APRES CHIRURGIE
M96.5;SCOLIOSE APRES IRRAD 
M96.6;FRAC  OSSEUSE APRES IMPLANT  PROTHESE ARTIC  OU PLAQUE D OSTEOSYNTHESE
M96.8;AUTRES AFF  DU SYST  OSTEO ARTIC  ET DES MUSCLES APRES UN ACTE
M99.0;DYSFCT  SEGM  ET SOMATIQUE
M99.00;DYSFCT  SEGM  ET SOMATIQUE   TETE
M99.01;DYSFCT  SEGM  ET SOMATIQUE   CERV 
M99.02;DYSFCT  SEGM  ET SOMATIQUE   COL  THORAC 
M99.03;DYSFCT  SEGM  ET SOMATIQUE   LOMBAIRE
M99.04;DYSFCT  SEGM  ET SOMATIQUE   SACREE
M99.05;DYSFCT  SEGM  ET SOMATIQUE   PELVIEN 
M99.06;DYSFCT  SEGM  ET SOMATIQUE   MBRE INF 
M99.07;DYSFCT  SEGM  ET SOMATIQUE   MBRE SUP 
M99.08;DYSFCT  SEGM  ET SOMATIQUE   CAGE THOR 
M99.09;DYSFCT  SEGM  ET SOMATIQUE   ABD   AUTRES
M99.1;SUBLUX  COMPLEXE VERTEBRALE
M99.10;SUBLUX  COMPLEXE VERTEBRALE   TETE
M99.11;SUBLUX  COMPLEXE VERTEBRALE   CERV 
M99.12;SUBLUX  COMPLEXE VERTEBRALE   COL  THORAC 
M99.13;SUBLUX  COMPLEXE VERTEBRALE   LOMBAIRE
M99.14;SUBLUX  COMPLEXE VERTEBRALE   SACREE
M99.15;SUBLUX  COMPLEXE VERTEBRALE   PELVIEN 
M99.16;SUBLUX  COMPLEXE VERTEBRALE   MBRE INF 
M99.17;SUBLUX  COMPLEXE VERTEBRALE   MBRE SUP 
M99.18;SUBLUX  COMPLEXE VERTEBRALE   CAGE THOR 
M99.19;SUBLUX  COMPLEXE VERTEBRALE   ABD   AUTRES
M99.2;RETREC  DU CANAL RACH  PAR SUBLUX 
M99.20;RETREC  DU CANAL RACH  PAR SUBLUX    OCCIP CERV 
M99.21;RETREC  DU CANAL RACH  PAR SUBLUX    CERV THOR 
M99.22;RETREC  DU CANAL RACH  PAR SUBLUX    THOR LOMB 
M99.23;RETREC  DU CANAL RACH  PAR SUBLUX    LOMB SACR 
M99.24;RETREC  DU CANAL RACH  PAR SUBLUX    SACRO COCC ILI 
M99.3;RETREC  OSSEUX DU CANAL RACH 
M99.30;RETREC  OSSEUX DU CANAL RACH    OCCIP CERV 
M99.31;RETREC  OSSEUX DU CANAL RACH    CERV THOR 
M99.32;RETREC  OSSEUX DU CANAL RACH    THOR LOMB 
M99.33;RETREC  OSSEUX DU CANAL RACH    LOMB SACR 
M99.34;RETREC  OSSEUX DU CANAL RACH    SACRO COCC ILI 
M99.4;RETREC  DU CANAL RACH  PAR TISSU CONJ 
M99.40;RETREC  DU CANAL RACH  PAR TISSU CONJ    OCCIP CERV 
M99.41;RETREC  DU CANAL RACH  PAR TISSU CONJ    CERV THOR 
M99.42;RETREC  DU CANAL RACH  PAR TISSU CONJ    THOR LOMB 
M99.43;RETREC  DU CANAL RACH  PAR TISSU CONJ    LOMB SACR 
M99.44;RETREC  DU CANAL RACH  PAR TISSU CONJ    SACRO COCC ILI 
M99.5;RETREC  DU CANAL RACH  PAR LES  DISCALE
M99.51;RETREC  DU CANAL RACH  PAR LES  DISCALE   CERV THOR 
M99.52;RETREC  DU CANAL RACH  PAR LES  DISCALE   THOR LOMB 
M99.53;RETREC  DU CANAL RACH  PAR LES  DISCALE   LOMB SACR 
M99.6;RETREC  DES ESP  INTERVERTEB  PAR OSSIF ET SUBLUX 
M99.60;RETREC  DES ESP  INTERVERTEB  PAR OSSIF ET SUBLUX    OCCIP CERV 
M99.61;RETREC  DES ESP  INTERVERTEB  PAR OSSIF ET SUBLUX    CERV THOR 
M99.62;RETREC  DES ESP  INTERVERTEB  PAR OSSIF ET SUBLUX    THOR LOMB 
M99.63;RETREC  DES ESP  INTERVERTEB  PAR OSSIF ET SUBLUX    LOMB SACR 
M99.7;RETREC  DES ESP  INTERVERT  PAR TISSU CONJ  ET DISCAL
M99.71;RETREC  DES ESP  INTERVERT  PAR TISSU CONJ  ET DISCAL   CERV THOR 
M99.72;RETREC  DES ESP  INTERVERT  PAR TISSU CONJ  ET DISCAL   THOR LOMB 
M99.73;RETREC  DES ESP  INTERVERT  PAR TISSU CONJ  ET DISCAL   LOMB SACR 
M99.8;AUTRES LES  BIOMECANIQUES
M99.80;LES  BIOMECANIQUES  NCA   TETE
M99.81;LES  BIOMECANIQUES  NCA   CERV 
M99.82;LES  BIOMECANIQUES  NCA   COL  THORAC 
M99.83;LES  BIOMECANIQUES  NCA   LOMBAIRE
M99.84;LES  BIOMECANIQUES  NCA   SACREE
M99.85;LES  BIOMECANIQUES  NCA   PELVIEN 
M99.86;LES  BIOMECANIQUES  NCA   MBRE INF 
M99.87;LES  BIOMECANIQUES  NCA   MBRE SUP 
M99.88;LES  BIOMECANIQUES  NCA   CAGE THOR 
M99.89;LES  BIOMECANIQUES  NCA   ABD   AUTRES
M99.9;LES  BIOMECANIQUE  SAI
M99.90;LES  BIOMECANIQUE  SAI   TETE
M99.91;LES  BIOMECANIQUE  SAI   CERV 
M99.92;LES  BIOMECANIQUE  SAI   COL  THORAC 
M99.93;LES  BIOMECANIQUE  SAI   LOMBAIRE
M99.94;LES  BIOMECANIQUE  SAI   SACREE
M99.95;LES  BIOMECANIQUE  SAI   PELVIEN 
M99.96;LES  BIOMECANIQUE  SAI   MBRE INF 
M99.97;LES  BIOMECANIQUE  SAI   MBRE SUP 
M99.98;LES  BIOMECANIQUE  SAI   CAGE THOR 
M99.99;LES  BIOMECANIQUE  SAI   ABD   AUTRES
P13.2;LES  DU FEMUR DUE A UN TRAUMA  OBST 
P13.4;FRAC  DE LA CLAVICULE DUE A UN TRAUMA  OBST 
P15.2;LES  STERNO CLEIDO MASTOIDIENNE DUE A UN TRAUMA  OBST 
P96.3;RETARD DE FERMETURE DES SUTURES CRANIENNES
Q65.0;LUX  CONG  DE LA HANCHE  UNILAT 
Q65.1;LUX  CONG  DE LA HANCHE  BILAT 
Q65.2;LUX  CONG  DE LA HANCHE  SAI
Q65.3;SUBLUX  CONG  DE LA HANCHE  UNILAT 
Q65.4;SUBLUX  CONG  DE LA HANCHE  BILAT 
Q65.5;SUBLUX  CONG  DE LA HANCHE  SAI
Q65.6;HANCHE INSTABLE CONG  OU SAI
Q65.8;MALF  CONG  DE LA HANCHE  NCA
Q65.9;MALF  CONG  DE LA HANCHE  SAI
Q66.0;PIED BOT VARUS EQUIN
Q66.1;PIED BOT TALUS VARUS
Q66.2;METATARSUS VARUS
Q66.3;ANOM  MORPH  CONG  DU PIED EN VARUS  NCA
Q66.4;PIED BOT TALUS VALGUS
Q66.5;PIED PLAT CONG 
Q66.6;ANOM  MORPH  CONG  DU PIED EN VALGUS  NCA
Q66.7;PIED CREUX
Q66.8;ANOM  MORPH  CONG  DU PIED  NCA
Q66.9;ANOM  MORPH  CONG  DU PIED  SAI
Q67.0;ASYMETRIE FACIALE
Q67.1;ANOM  MORPH  FACIALE PAR COMPRESSION
Q67.2;DOLICHOCEPHALIE
Q67.3;PLAGIOCEPHALIE
Q67.4;ANOM  MORPH  CONG  DU CRANE  DE LA FACE ET DE LA MACHOIRE  NCA
Q67.5;ANOM  MORPH  CONG  DU RACHIS
Q68.0;ANOM  MORPH  CONG  DES MUSCLES STERNO CLEIDO MASTOIDIENS
Q68.1;ANOM  MORPH  CONG  DE LA MAIN
Q68.2;ANOM  MORPH  CONG  DU GENOU
Q68.3;INCURVATION CONG  DU FEMUR
Q68.4;INCURVATION CONG  DU TIBIA ET DU PERONE
Q68.5;INCURVATION CONG  DES OS LONGS DU MB  INF   SAI
Q68.8;ANOM  MORPH  CONG  OSTEO ARTIC  ET DES MUSCLES PREC   NCA
Q69.0;DOIGT SURNUMERAIRE
Q69.1;POUCE SURNUMERAIRE
Q69.2;ORTEIL SURNUMERAIRE
Q69.9;POLYDACTYLIE  SAI
Q70.0;COALESCENCE DES DOIGTS
Q70.2;COALESCENCE DES ORTEILS
Q70.4;POLYSYNDACTYLIE
Q70.9;SYNDACTYLIE  SAI
Q71.0;ABSENCE CONG  COMP  DU MB  SUP 
Q71.1;ABSENCE CONG  DU BRAS ET DE L AV B   MAIN PRESENTE
Q71.2;ABSENCE CONG  DE L AV B  ET DE LA MAIN
Q71.3;ABSENCE CONG  DE LA MAIN ET DE DOIGT
Q71.4;RACCOURC  CONG  LONGITUDINAL DU RADIUS
Q71.5;RACCOURC  CONG  LONGITUDINAL DU CUBITUS
Q71.6;MAIN EN PINCE DE HOMARD
Q71.8;RACCOURC  CONG  DU MB  SUP   NCA
Q71.9;RACCOURC  CONG  DU MB  SUP   SAI
Q72.0;ABSENCE CONG  COMP  D UN MB  INF 
Q72.1;ABSENCE CONG  DE LA CUISSE ET DE LA JAMBE  PIED PRESENT
Q72.2;ABSENCE CONG  DE LA JAMBE ET DU PIED
Q72.3;ABSENCE CONG  DU PIED ET D UN ORTEIL
Q72.4;RACCOURC  CONG  LONGITUDINAL DU FEMUR
Q72.5;RACCOURC  CONG  LONGITUDINAL DU TIBIA
Q72.6;RACCOURC  CONG  LONGITUDINAL DU PERONE
Q72.7;PIED BIFIDE
Q72.8;RACCOURC  CONG  D UN MB  INF   NCA
Q72.9;RACCOURC  CONG  DU MB  INF   SAI
Q73.0;ABSENCE CONG  D UN MB  NON PREC 
Q73.1;PHOCOMELIE  MB  NON PREC 
Q73.8;RACCOURC  CONG  D UN MB  NON PREC   NCA
Q74.0;MALF  CONG  D UN MB  SUP   Y COMPRIS LA CEINTURE SCAP   NCA
Q74.1;MALF  CONG  DU GENOU
Q74.2;MALF  CONG  D UN MB  INF   Y COMPRIS LA CEINTURE PELVIENNE  NCA
Q74.3;ARTHROGRYPOSE CONG  MULT 
Q74.8;MALF  CONG  PREC  NCA  D UN MB  NON PREC 
Q74.9;MALF  CONG  SAI  D UN MB  NON PREC 
Q75.0;CRANIOSYNOSTOSE
Q75.1;DYSOSTOSE CRANIO FACIALE
Q75.2;HYPERTELORISME
Q75.3;MACROCEPHALIE
Q75.8;MALF  CONG  PREC  DES OS DU CRANE ET DE LA FACE  NCA
Q75.9;MALF  CONG  DES OS DU CRANE ET DE LA FACE  SAI
Q76.0;SPINA BIFIDA OCCULTA
Q76.1;SYND  DE KLIPPEL FEIL
Q76.2;SPONDYLOLISTHESIS CONG 
Q76.3;SCOLIOSE CONG  DUE A UNE MALF  OSSEUSE CONG 
Q76.4;MALF  CONG  DU RACHIS  NON ASSOCIEES A UNE SCOLIOSE  NCA
Q76.5;COTE CERVICALE
Q77.0;ACHONDROGENESIE
Q77.1;INSUF  STATURALE THANATOPHORE
Q77.3;CHONDRODYSPLASIE PONCTUEE
Q77.4;ACHONDROPLASIE
Q77.5;DYSPLASIE DIASTROPHIQUE
Q77.6;DYSPLASIE CHONDRO ECTODERMIQUE
Q77.7;DYSPLASIE SPONDYLO EPIPHYSAIRE
Q77.8;OSTEOCHONDRODYSPLASIES AVEC ANOM  CROISS  OS LONGS ET RACHIS  NCA
Q77.9;OSTEOCHONDRODYSPLASIE AVEC ANOM  CROISS  OS LONGS ET RACHIS  SAI
Q78.0;OSTEOGENESE IMPARFAITE
Q78.1;DYSPLASIE POLYOSTOTIQUE FIBREUSE
Q78.2;OSTEOPETROSE
Q78.3;DYSPLASIE DIAPHYSAIRE PROGRESSIVE
Q78.4;ENCHONDROMATOSE
Q78.5;DYSPLASIE METAPHYSAIRE
Q78.6;EXOSTOSES MULT  CONG 
Q78.8;OSTEOCHONDRODYSPLASIES PREC   NCA
Q78.9;OSTEOCHONDRODYSPLASIE  SAI
Q79.6;SYND  D EHLERS DANLOS
Q79.8;AUTRES MALF  CONG  DU SYST  OSTEO ARTIC  ET DES MUSCLES
R29.4;HANCHE  A RESSORT 
R76.2;RES  FAUSSEMENT POSITIFS AU TEST SEROLOGIQUE DE LA SYPHILIS
R93.6;RES  ANX  D IMAGE DES MB 
R93.7;RES  ANX  D IMAGE D AUTRES PARTIES DU SYST  OSTEO MUSC 
S02.80;FRAC  FERMEES D AUTRES OS DU CRANE ET DE LA FACE
S02.81;FRAC  OUV  D AUTRES OS DU CRANE ET DE LA FACE
S03.3;LUX  DE PARTIES NCA OU SAI DE LA TETE
S09.1;LES  TRAUMA  DES MUSCLES ET DES TENDONS DE LA TETE
S12.00;FRAC  FERMEE DE LA 1ERE VERTEB  CERV 
S12.01;FRAC  OUV  DE LA 1ERE VERTEB  CERV 
S12.10;FRAC  FERMEE DE LA 2EME VERTEB  CERV 
S12.11;FRAC  OUV  DE LA 2EME VERTEB  CERV 
S12.20;FRAC  FERMEE D AUTRES VERTEB  CERV  PREC 
S12.21;FRAC  OUV  D AUTRES VERTEB  CERV  PREC 
S12.70;FRAC  FERMEES MULT  DU RACHIS CERV 
S12.71;FRAC  OUV  MULT  DU RACHIS CERV 
S12.90;FRAC  FERMEE DU COU  PARTIE SAI
S12.91;FRAC  OUV  DU COU  PARTIE SAI
S13.0;RUPTURE TRAUMA  D UN DISQUE INTERVERTEB  CERV 
S13.1;LUX  D UNE VERTEB  CERV 
S13.2;LUX  DE PARTIES NCA OU SAI DU COU
S13.3;LUX  MULT  DU COU
S13.4;ENTORSE DU RACHIS CERV 
S13.5;ENTORSE DE LA REGION THYROIDIENNE
S13.6;ENTORSE DES ARTIC  ET DES LIG  DE PARTIES NCA OU SAI DU COU
S16;LES  TRAUMA  DES MUSCLES ET DES TENDONS NIV  COU
S22.00;FRAC  FERMEE D UNE VERTEB  DORSALE
S22.01;FRAC  OUV  D UNE VERTEB  DORSALE
S22.10;FRAC  FERMEES MULT  DU RACHIS DORSAL
S22.11;FRAC  OUV  MULT  DU RACHIS DORSAL
S23.0;RUPTURE TRAUMA  D UN DISQUE INTERVERTEB  DORSAL
S23.1;LUX  D UNE VERTEB  DORSALE
S23.2;LUX  DE PARTIES NCA OU SAI DU THOR 
S23.3;ENTORSE DU RACHIS DORSAL
S23.5;ENTORSE DE PARTIES NCA OU SAI DU THOR 
S29.0;LES  TRAUMA  DES MUSCLES ET DES TENDONS NIV  THOR 
S32.00;FRAC  FERMEE D UNE VERTEB  LOMB 
S32.01;FRAC  OUV  D UNE VERTEB  LOMB 
S32.10;FRAC  FERMEE DU SACRUM
S32.11;FRAC  OUV  DU SACRUM
S32.20;FRAC  FERMEE DU COCCYX
S32.21;FRAC  OUV  DU COCCYX
S32.30;FRAC  FERMEE DE L ILION
S32.31;FRAC  OUV  DE L ILION
S32.40;FRAC  FERMEE DE L ACETABULUM
S32.41;FRAC  OUV  DE L ACETABULUM
S32.50;FRAC  FERMEE DU PUBIS
S32.51;FRAC  OUV  DU PUBIS
S32.70;FRAC  FERMEES MULT  DU RACHIS LOMB  ET DU BASSIN
S32.71;FRAC  OUV  MULT  DU RACHIS LOMB  ET DU BASSIN
S32.80;FRAC  FERMEE DE PARTIES NCA OU SAI DU RACHIS LOMB  ET DU BASSIN
S32.81;FRAC  OUV  DE PARTIES NCA OU SAI DU RACHIS LOMB  ET DU BASSIN
S33.0;RUPTURE TRAUMA  D UN DISQUE INTERVERTEB  LOMB 
S33.1;LUX  D UNE VERTEB  LOMB 
S33.2;LUX  DES ARTIC  SACRO ILIAQUE ET SACRO COCCYGIENNE
S33.3;LUX  DE PARTIES NCA OU SAI DU RACHIS LOMB  ET DU BASSIN
S33.4;RUPTURE TRAUMA  DE LA SYMPHYSE PUBIENNE
S33.5;ENTORSE DU RACHIS LOMB 
S33.6;ENTORSE DE L ARTIC  SACRO ILIAQUE
S33.7;ENTORSE DE PARTIES NCA OU SAI DU RACHIS LOMB  ET DU BASSIN
S39.0;LES  TRAUMA  DE TENDONS DE L ABDO   LOMBES  BASSIN
S42.00;FRAC  FERMEE DE LA CLAVICULE
S42.01;FRAC  OUV  DE LA CLAVICULE
S42.10;FRAC  FERMEE DE L OMOPLATE
S42.11;FRAC  OUV  DE L OMOPLATE
S42.20;FRAC  FERMEE DE L EXTREMITE SUP  DE L HUMERUS
S42.21;FRAC  OUV  DE L EXTREMITE SUP  DE L HUMERUS
S42.30;FRAC  FERMEE DE LA DIAPHYSE DE L HUMERUS
S42.31;FRAC  OUV  DE LA DIAPHYSE DE L HUMERUS
S42.40;FRAC  FERMEE DE L EXTREMITE INF  DE L HUMERUS
S42.41;FRAC  OUV  DE L EXTREMITE INF  DE L HUMERUS
S42.70;FRAC  FERMEES MULT  DE LA CLAVICULE  DE L OMOPLATE ET DE L HUMERUS
S42.71;FRAC  OUV  MULT  DE LA CLAVICULE  DE L OMOPLATE ET DE L HUMERUS
S42.80;FRAC  FERMEE D AUTRES PARTIES DE L EPAULE  BRAS
S42.81;FRAC  OUV  D AUTRES PARTIES DE L EPAULE  BRAS
S42.90;FRAC  FERMEE DE LA CEINTURE SCAP   PARTIE SAI
S42.91;FRAC  OUV  DE LA CEINTURE SCAP   PARTIE SAI
S43.0;LUX  DE L ARTIC  DE L EPAULE
S43.1;LUX  DE L ARTIC  ACROMIO CLAVICULAIRE
S43.2;LUX  DE L ARTIC  STERNO CLAVICULAIRE
S43.3;LUX  DE PARTIES NCA OU SAI DE LA CEINTURE SCAP 
S43.4;ENTORSE DE L ARTIC  DE L EPAULE
S43.5;ENTORSE DE L ARTIC  ACROMIO CLAVICULAIRE
S43.6;ENTORSE DE L ARTIC  STERNO CLAVICULAIRE
S43.7;ENTORSE DE PARTIES NCA OU SAI DE LA CEINTURE SCAP 
S46.0;LES  TRAUMA  DES MUSCLE ET TENDON DE LA COIFFE DES ROTAT  DE L EPAULE
S46.1;LES  TRAUMA  DU TENDON DU LONG BICEPS
S46.2;LES  TRAUMA  DE TENDONS D AUTRES PARTIES DU BICEPS
S46.3;LES  TRAUMA  DE TENDONS DU TRICEPS
S46.7;LES  TRAUMA  DE MULT  TENDONS NIV  EPAULE  BRAS
S46.8;LES  TRAUMA  D AUTRES TENDONS NIV  EPAULE  BRAS
S46.9;LES  TRAUMA  DE MUSCLE ET DE TENDON SAI  NIV  EPAULE  BRAS
S52.00;FRAC  FERMEE DE LA PARTIE SUP  DU CUBITUS
S52.01;FRAC  OUV  DE LA PARTIE SUP  DU CUBITUS
S52.10;FRAC  FERMEE DE L EXTREMITE SUP  DU RADIUS
S52.11;FRAC  OUV  DE L EXTREMITE SUP  DU RADIUS
S52.20;FRAC  FERMEE DE LA DIAPHYSE DU CUBITUS
S52.21;FRAC  OUV  DE LA DIAPHYSE DU CUBITUS
S52.30;FRAC  FERMEE DE LA DIAPHYSE DU RADIUS
S52.31;FRAC  OUV  DE LA DIAPHYSE DU RADIUS
S52.40;FRAC  FERMEE DES DEUX DIAPHYSES  CUBITALE ET RADIALE
S52.41;FRAC  OUV  DES DEUX DIAPHYSES  CUBITALE ET RADIALE
S52.50;FRAC  FERMEE DE L EXTREMITE INF  DU RADIUS
S52.51;FRAC  OUV  DE L EXTREMITE INF  DU RADIUS
S52.60;FRAC  FERMEE DE L EXTREMITE INF  DU CUBITUS ET DU RADIUS
S52.61;FRAC  OUV  DE L EXTREMITE INF  DU CUBITUS ET DU RADIUS
S52.70;FRAC  FERMEES MULT  DE L AV B 
S52.71;FRAC  OUV  MULT  DE L AV B 
S52.80;FRAC  FERMEE D AUTRES PARTIES DE L AV B 
S52.81;FRAC  OUV  D AUTRES PARTIES DE L AV B 
S52.90;FRAC  FERMEE DE L AV B   PARTIE SAI
S52.91;FRAC  OUV  DE L AV B   PARTIE SAI
S53.0;LUX  DE LA TETE RADIALE
S53.1;LUX  DU COUDE  SAI
S53.2;RUPTURE TRAUMA  DU LIG  LAT  EXT  DU COUDE
S53.3;RUPTURE TRAUMA  DU LIG  LAT  INT  DU COUDE
S53.4;ENTORSE DU COUDE
S56.0;LES  TRAUMA  DU TENDON FLECH  DU POUCE NIV  AV B 
S56.1;LES  TRAUMA  DE TENDONS FLECH  D AUTRE DOIGT NIV  AV B 
S56.2;LES  TRAUMA  D UN AUTRE TENDON FLECH  NIV  AV B 
S56.3;LES  TRAUMA  DE TENDONS EXTEN  ET ABDU  DU POUCE NIV  AV B 
S56.4;LES  TRAUMA  DE TENDONS EXTEN  D AUTRE DOIGT NIV  AV B 
S56.5;LES  TRAUMA  D UN AUTRE TENDON EXTEN  NIV  AV B 
S56.7;LES  TRAUMA  DE MULT  TENDONS NIV  AV B 
S56.8;LES  TRAUMA  DE TENDONS NCA OU SAI  NIV  AV B 
S62.00;FRAC  FERMEE DE L OS SCAPHOIDE DE LA MAIN
S62.01;FRAC  OUV  DE L OS SCAPHOIDE DE LA MAIN
S62.10;FRAC  FERMEE D AUTRE OS DU CARPE
S62.11;FRAC  OUV  D AUTRE OS DU CARPE
S62.20;FRAC  FERMEE DU 1ER METACARP 
S62.21;FRAC  OUV  DU 1ER METACARP 
S62.30;FRAC  FERMEE D UN AUTRE OS DU METACARPE
S62.31;FRAC  OUV  D UN AUTRE OS DU METACARPE
S62.40;FRAC  FERMEES MULT  DES METACARP 
S62.41;FRAC  OUV  MULT  DES METACARP 
S62.50;FRAC  FERMEE DU POUCE
S62.51;FRAC  OUV  DU POUCE
S62.60;FRAC  FERMEE D UN AUTRE DOIGT
S62.61;FRAC  OUV  D UN AUTRE DOIGT
S62.70;FRAC  FERMEES MULT  DE DOIGTS
S62.71;FRAC  OUV  MULT  DE DOIGTS
S62.80;FRAC  FERMEE DE PARTIES NCA OU SAI POIGNET  MAIN
S62.81;FRAC  OUV  DE PARTIES NCA OU SAI POIGNET  MAIN
S63.0;LUX  DU POIGNET
S63.1;LUX  DU DOIGT
S63.2;LUX  MULT  DES DOIGTS
S63.3;RUPTURE TRAUMA  DE LIG  DU POIGNET ET DU CARPE
S63.4;RUPTURE TRAUMA  LIG  DU DOIGT NIV  ARTIC  METAC  PHAL   INTERPHAL 
S63.5;ENTORSE DU POIGNET
S63.6;ENTORSE DE DOIGT
S63.7;ENTORSE D ARTIC  NCA OU SAI DE LA MAIN
S66.0;LES  TRAUMA  DU TENDON LONG FLECH  DU POUCE NIV  POIGNET  MAIN
S66.1;LES  TRAUMA  DU TENDON FLECH  D UN AUTRE DOIGT NIV  POIGNET  MAIN
S66.2;LES  TRAUMA  DU TENDON EXTEN  DU POUCE NIV  POIGNET  MAIN
S66.3;LES  TRAUMA  DU TENDON EXTEN  D UN AUTRE DOIGT NIV  POIGNET  MAIN
S66.4;LES  TRAUMA  DE TENDONS INTRINS  DU POUCE NIV  POIGNET  MAIN
S66.5;LES  TRAUMA  DE TENDONS INTRINS  D UN AUTRE DOIGT NIV  POIGNET  MAIN
S66.6;LES  TRAUMA  DE MULT  TENDONS FLECH  NIV  POIGNET  MAIN
S66.7;LES  TRAUMA  DE MULT  TENDONS EXTEN  NIV  POIGNET  MAIN
S66.8;LES  TRAUMA  D AUTRES TENDONS NIV  POIGNET  MAIN
S66.9;LES  TRAUMA  D UN TENDON SAI  NIV  POIGNET  MAIN
S72.00;FRAC  FERMEE DU COL DU FEMUR
S72.01;FRAC  OUV  DU COL DU FEMUR
S72.10;FRAC  FERMEE DU TROCHANTER
S72.11;FRAC  OUV  DU TROCHANTER
S72.20;FRAC  FERMEE SOUS TROCHANTERIENNE
S72.21;FRAC  OUV  SOUS TROCHANTERIENNE
S72.30;FRAC  FERMEE DE LA DIAPHYSE FEMORALE
S72.31;FRAC  OUV  DE LA DIAPHYSE FEMORALE
S72.40;FRAC  FERMEE DE L EXTREMITE INF  DU FEMUR
S72.41;FRAC  OUV  DE L EXTREMITE INF  DU FEMUR
S72.70;FRAC  FERMEES MULT  DU FEMUR
S72.71;FRAC  OUV  MULT  DU FEMUR
S72.80;FRAC  FERMEE D AUTRES PARTIES DU FEMUR
S72.81;FRAC  OUV  D AUTRES PARTIES DU FEMUR
S72.90;FRAC  FERMEE DU FEMUR  PARTIE SAI
S72.91;FRAC  OUV  DU FEMUR  PARTIE SAI
S73.0;LUX  DE LA HANCHE
S73.1;ENTORSE DE LA HANCHE
S76.0;LES  TRAUMA  DE TENDONS DE LA HANCHE
S76.1;LES  TRAUMA  DE TENDONS DU QUADRICEPS
S76.2;LES  TRAUMA  DE TENDONS ADDU  DE LA CUISSE
S76.3;LES  TRAUMA  DE TENDONS POST  NIV  CUISSE
S76.4;LES  TRAUMA  DE TENDONS NCA OU SAI  NIV  CUISSE
S76.7;LES  TRAUMA  DE MULT  TENDONS NIV  HANCHE  CUISSE
S82.00;FRAC  FERMEE DE LA ROTULE
S82.01;FRAC  OUV  DE LA ROTULE
S82.10;FRAC  FERMEE DE L EXTREMITE SUP  DU TIBIA
S82.11;FRAC  OUV  DE L EXTREMITE SUP  DU TIBIA
S82.20;FRAC  FERMEE DE LA DIAPHYSE DU TIBIA
S82.21;FRAC  OUV  DE LA DIAPHYSE DU TIBIA
S82.30;FRAC  FERMEE DE L EXTREMITE INF  DU TIBIA
S82.31;FRAC  OUV  DE L EXTREMITE INF  DU TIBIA
S82.40;FRAC  FERMEE DU PERONE SEUL
S82.41;FRAC  OUV  DU PERONE SEUL
S82.50;FRAC  FERMEE DE LA MALLEOLE INT 
S82.51;FRAC  OUV  DE LA MALLEOLE INT 
S82.60;FRAC  FERMEE DE LA MALLEOLE EXT 
S82.61;FRAC  OUV  DE LA MALLEOLE EXT 
S82.70;FRAC  FERMEES MULT  DE LA JAMBE
S82.71;FRAC  OUV  MULT  DE LA JAMBE
S82.80;FRAC  FERMEES D AUTRES PARTIES DE LA JAMBE
S82.81;FRAC  OUV  D AUTRES PARTIES DE LA JAMBE
S82.90;FRAC  FERMEE DE LA JAMBE  PARTIE SAI
S82.91;FRAC  OUV  DE LA JAMBE  PARTIE SAI
S83.0;LUX  DE LA ROTULE
S83.1;LUX  DU GENOU
S83.2;DECHIRURE RECENTE D UN MENISQUE
S83.3;DECHIRURE RECENTE DU CARTILAGE ARTIC  DU GENOU
S83.4;ENTORSE DES LIG  LAT  DU GENOU
S83.5;ENTORSE DES LIG  CROISES DU GENOU
S83.6;ENTORSE DE PARTIES NCA OU SAI DU GENOU
S83.7;LES  TRAUMA  DE MULT  PARTIES DU GENOU
S86.0;LES  TRAUMA  DU TENDON D ACHILLE
S86.1;LES  TRAUMA  D AUTRE MUSCLE ET TENDON POST  NIV  JAMBE
S86.2;LES  TRAUMA  DE MUSCLE ET DE TENDON ANT  NIV  JAMBE
S86.3;LES  TRAUMA  DE MUSCLE ET DE TENDON PERONIERS NIV  JAMBE
S86.7;LES  TRAUMA  DE MULT  TENDONS NIV  JAMBE
S86.8;LES  TRAUMA  D AUTRES TENDONS NIV  JAMBE
S86.9;LES  TRAUMA  D UN TENDON SAI  NIV  JAMBE
S92.00;FRAC  FERMEE DU CALCANEUM
S92.01;FRAC  OUV  DU CALCANEUM
S92.10;FRAC  FERMEE DE L ASTRAGALE
S92.11;FRAC  OUV  DE L ASTRAGALE
S92.20;FRAC  FERMEE D AUTRES OS DU TARSE
S92.21;FRAC  OUV  D AUTRES OS DU TARSE
S92.30;FRAC  FERMEE D OS DU METATARSE
S92.31;FRAC  OUV  D OS DU METATARSE
S92.40;FRAC  FERMEE DU GROS ORTEIL
S92.41;FRAC  OUV  DU GROS ORTEIL
S92.50;FRAC  FERMEE D UN AUTRE ORTEIL
S92.51;FRAC  OUV  D UN AUTRE ORTEIL
S92.70;FRAC  FERMEES MULT  DU PIED
S92.71;FRAC  OUV  MULT  DU PIED
S92.90;FRAC  FERMEE DU PIED  SAI
S92.91;FRAC  OUV  DU PIED  SAI
S93.0;LUX  DE LA CHEVILLE
S93.1;LUX  D UN ORTEIL
S93.2;RUPTURE DE LIG  NIV  CHEVILLE  PIED
S93.3;LUX  DE PARTIES NCA OU SAI DU PIED
S93.4;ENTORSE DE LA CHEVILLE
S93.5;ENTORSE D UN ORTEIL
S93.6;ENTORSE DE PARTIES NCA OU SAI DU PIED
S96.0;LES  TRAUMA  D UN TENDON LONG FLECH  D UN ORTEIL  NIV  CHEVILLE  PIED
S96.1;LES  TRAUMA  D UN TENDON LONG EXTEN  D UN ORTEIL  NIV  CHEVILLE  PIED
S96.2;LES  TRAUMA  D UN TENDON INTRINS  NIV  CHEVILLE  PIED
S96.7;LES  TRAUMA  DE MULT  TENDONS NIV  CHEVILLE  PIED
S96.8;LES  TRAUMA  D AUTRES TENDONS NIV  CHEVILLE  PIED
S96.9;LES  TRAUMA  D UN TENDON SAI  NIV  CHEVILLE  PIED
T79.6;ISCHEM  TRAUMA  D UN MUSCLE
T84.0;COMPLIC  MEC  D UNE PROTHESE ARTIC  INT 
T84.1;COMPLIC  MEC  D UNE PROTHESE INT  DE FIXATION D OS D UN MB 
T84.2;COMPLIC  MEC  D UNE PROTHESE INT  DE FIXATION D AUTRES OS
T84.3;COMPLIC  MEC  D AUTRES PROTH   IMPL   GREF  DES OS
T84.4;COMPLIC  MEC  D AUTRES PROTH   IMPL   GREF  ORTHOPED  INT 
T87.0;COMPLIC  D UNE REIMPLANTATION DE MB  SUP 
T87.1;COMPLIC  D UNE REIMPLANTATION DE MB  INF 
T87.2;COMPLIC  D UNE REIMPLANTATION D UNE AUTRE PARTIE DU CORPS
T87.3;NEVROME SUR MOIGNON D AMPUT 
T87.4;INFECT  D UN MOIGNON D AMPUT 
T87.5;NECROSE D UN MOIGNON D AMPUT 
T87.6;COMPLIC  NCA OU SAI NIV  D UN MOIGNON D AMPUT 
Z44.0;AJUST  D UN BRAS ARTIF 
Z44.1;AJUST  D UNE JAMBE ARTIF 
Z47.0;ENLEV  PLAQUE  PROTH  INT  ORTHOPED  DE FIXATION NCA
Z47.80;SOINS DE CTRL  D APP  EXT  DE FIXATION OU TRACTION
Z47.88;AUTRES SOINS DE CTRL  ORTHOPED   NCA
Z47.9;SOIN DE CTRL  ORTHOPED   SAI
Z52.2;DONNEUR D OS
Z80.803;ATCD  FAM  DE T M  DES OS  MUSC  ET TISSU CONJ 
Z82.6;ATCD  FAM  D ARTHRITE ET MAL  NCA SYST  OSTEO ARTIC   TISSU CONJ 
Z85.803;ATCD  PERS  DE T M  DES OS  MUSC  ET TISSU CONJ 
Z86.002;ATCD  PERS  DE T  SF M  DE L APP  MUSCULOSQUEL  ET DU TISSU CONJ 
Z87.3;ATCD  PERS  DE MAL  DU SYST  OSTEO ARTIC   ET DU TISSU CONJ 
Z87.81;ATCD  PERS  DE TRAUMA  DES MEMBRES ET DU BASSIN
Z89.0;ABSENCE ACQUISE DE DOIGT  UNILAT 
Z89.1;ABSENCE ACQUISE DE MAIN ET POIGNET
Z89.2;ABSENCE ACQUISE D UN MB  SUP  AU DESSUS DU POIGNET
Z89.3;ABSENCE ACQUISE DES DEUX MB  SUP 
Z89.4;ABSENCE ACQUISE DE PIED ET CHEVILLE
Z89.5;ABSENCE ACQUISE D UN MB  INF   NIV  GENOU OU AU DESSOUS
Z89.6;ABSENCE ACQUISE D UN MB  INF   AU DESSUS DU GENOU
Z89.7;ABSENCE ACQUISE DES DEUX MB  INF 
Z89.8;ABSENCE ACQUISE A LA FOIS DE MB  SUP  ET INF 
Z89.9;ABSENCE ACQUISE DE MB   SAI
Z94.6;GREFFE D OS
Z96.6;PRESENCE D IMPLANTS D ARTIC  ORTHOPED 
Z96.7;PRESENCE D AUTRES IMPLANTS OSSEUX ET TENDINEUX
Z97.1;PRESENCE D UN MB  ARTIF 
Z98.1;ARTHRODÈSE
